ticker	date	open	high	low	close
UNI	17/09/2020	3.056	3.961	2.452	3.473
UNI	18/09/2020	3.473	8.579	3.232	6.908
UNI	19/09/2020	6.908	7.5	5.232	5.73
UNI	20/09/2020	5.73	6.092	4.656	5.227
UNI	21/09/2020	5.227	5.652	4.084	4.254
UNI	22/09/2020	4.254	4.559	3.687	3.909
UNI	23/09/2020	3.909	5.352	3.905	4.346
UNI	24/09/2020	4.346	5.293	4.264	5.145
UNI	25/09/2020	5.145	5.558	4.766	4.919
UNI	26/09/2020	4.919	4.999	4.684	4.88
UNI	27/09/2020	4.88	5.223	4.709	4.856
UNI	28/09/2020	4.856	4.955	4.184	4.254
UNI	29/09/2020	4.254	4.417	4.124	4.391
UNI	30/09/2020	4.391	4.391	3.954	4.159
UNI	01/10/2020	4.159	4.519	3.908	4.254
UNI	02/10/2020	4.254	4.254	3.573	3.894
UNI	03/10/2020	3.894	4.123	3.834	3.909
UNI	04/10/2020	3.909	3.949	3.614	3.728
UNI	05/10/2020	3.728	3.804	3.185	3.321
UNI	06/10/2020	3.321	3.344	2.633	2.716
UNI	07/10/2020	2.716	3.003	2.482	2.966
UNI	08/10/2020	2.966	3.468	2.646	3.353
UNI	09/10/2020	3.353	3.604	3.178	3.386
UNI	10/10/2020	3.386	3.662	3.269	3.302
UNI	11/10/2020	3.302	3.454	3.181	3.366
UNI	12/10/2020	3.366	3.603	3.285	3.463
UNI	13/10/2020	3.463	3.503	3.296	3.356
UNI	14/10/2020	3.356	3.443	2.973	3.115
UNI	15/10/2020	3.115	3.163	2.918	3.082
UNI	16/10/2020	3.082	3.383	2.89	3.044
UNI	17/10/2020	3.044	3.124	2.973	3.063
UNI	18/10/2020	3.063	3.294	3.05	3.284
UNI	19/10/2020	3.284	3.291	3.113	3.173
UNI	20/10/2020	3.173	3.194	2.814	2.861
UNI	21/10/2020	2.861	3.08	2.85	2.941
UNI	22/10/2020	2.941	3.141	2.926	3.042
UNI	23/10/2020	3.042	3.121	2.966	3.015
UNI	24/10/2020	3.015	3.081	2.934	2.942
UNI	25/10/2020	2.942	2.965	2.723	2.774
UNI	26/10/2020	2.774	2.877	2.526	2.714
UNI	27/10/2020	2.714	2.905	2.701	2.809
UNI	28/10/2020	2.809	2.854	2.595	2.665
UNI	29/10/2020	2.665	2.74	2.486	2.544
UNI	30/10/2020	2.544	2.567	2.256	2.418
UNI	31/10/2020	2.418	2.418	2.239	2.265
UNI	01/11/2020	2.265	2.448	2.219	2.377
UNI	02/11/2020	2.377	2.457	2.228	2.254
UNI	03/11/2020	2.254	2.282	2.061	2.15
UNI	04/11/2020	2.15	2.177	1.887	1.946
UNI	05/11/2020	1.946	2.405	1.768	2.189
UNI	06/11/2020	2.189	2.686	2.175	2.571
UNI	07/11/2020	2.571	3.019	2.448	2.486
UNI	08/11/2020	2.486	2.919	2.44	2.869
UNI	09/11/2020	2.869	2.879	2.58	2.678
UNI	10/11/2020	2.678	3.172	2.629	3.075
UNI	11/11/2020	3.075	3.219	2.891	2.936
UNI	12/11/2020	2.936	3.138	2.84	2.96
UNI	13/11/2020	2.96	3.969	2.937	3.853
UNI	14/11/2020	3.853	3.96	3.516	3.808
UNI	15/11/2020	3.808	4.255	3.615	3.851
UNI	16/11/2020	3.851	3.937	3.447	3.566
UNI	17/11/2020	3.566	3.858	3.488	3.816
UNI	18/11/2020	3.816	3.849	3.275	3.463
UNI	19/11/2020	3.463	3.896	3.233	3.753
UNI	20/11/2020	3.753	4.087	3.677	3.854
UNI	21/11/2020	3.854	3.932	3.593	3.833
UNI	22/11/2020	3.833	3.944	3.439	3.68
UNI	23/11/2020	3.68	4.223	3.633	4.19
UNI	24/11/2020	4.19	4.491	3.951	4.081
UNI	25/11/2020	4.081	4.214	3.543	3.678
UNI	26/11/2020	3.678	3.78	3.113	3.437
UNI	27/11/2020	3.437	3.54	3.168	3.311
UNI	28/11/2020	3.311	3.536	3.258	3.465
UNI	29/11/2020	3.465	3.578	3.362	3.555
UNI	30/11/2020	3.555	3.809	3.523	3.778
UNI	01/12/2020	3.778	3.985	3.461	3.553
UNI	02/12/2020	3.553	4.173	3.503	3.948
UNI	03/12/2020	3.948	4.025	3.804	3.886
UNI	04/12/2020	3.886	3.92	3.499	3.518
UNI	05/12/2020	3.518	3.701	3.451	3.685
UNI	06/12/2020	3.685	3.793	3.511	3.652
UNI	07/12/2020	3.652	3.881	3.567	3.761
UNI	08/12/2020	3.761	3.762	3.28	3.298
UNI	09/12/2020	3.298	3.392	3.118	3.354
UNI	10/12/2020	3.354	3.371	3.191	3.238
UNI	11/12/2020	3.238	3.247	2.915	2.962
UNI	12/12/2020	2.962	3.18	2.962	3.127
UNI	13/12/2020	3.127	3.364	3.072	3.342
UNI	14/12/2020	3.342	3.536	3.24	3.48
UNI	15/12/2020	3.48	3.521	3.312	3.331
UNI	16/12/2020	3.331	3.541	3.244	3.535
UNI	17/12/2020	3.535	3.996	3.437	3.694
UNI	18/12/2020	3.694	3.858	3.553	3.768
UNI	19/12/2020	3.768	4.237	3.706	3.963
UNI	20/12/2020	3.963	4.021	3.707	3.761
UNI	21/12/2020	3.761	3.921	3.418	3.51
UNI	22/12/2020	3.51	3.777	3.285	3.732
UNI	23/12/2020	3.732	3.778	3.045	3.308
UNI	24/12/2020	3.308	3.531	3.157	3.523
UNI	25/12/2020	3.523	3.646	3.371	3.503
UNI	26/12/2020	3.503	3.601	3.363	3.412
UNI	27/12/2020	3.412	3.799	3.361	3.6
UNI	28/12/2020	3.6	3.949	3.565	3.726
UNI	29/12/2020	3.726	3.841	3.502	3.667
UNI	30/12/2020	3.667	4.377	3.635	4.151
UNI	31/12/2020	4.151	5.293	3.945	5.159
UNI	01/01/2021	5.159	5.276	4.623	4.744
UNI	02/01/2021	4.744	5.178	4.489	4.861
UNI	03/01/2021	4.861	5.631	4.678	5.489
UNI	04/01/2021	5.489	6.184	4.97	5.423
UNI	05/01/2021	5.423	6.563	5.209	6.263
UNI	06/01/2021	6.263	6.593	6.022	6.42
UNI	07/01/2021	6.42	6.806	6.056	6.257
UNI	08/01/2021	6.257	6.365	5.518	5.879
UNI	09/01/2021	5.879	6.362	5.687	6.239
UNI	10/01/2021	6.239	6.576	5.571	5.984
UNI	11/01/2021	5.984	6.003	4.457	5.245
UNI	12/01/2021	5.245	5.82	4.978	5.59
UNI	13/01/2021	5.59	6.379	5.267	6.338
UNI	14/01/2021	6.338	7.122	6.177	6.951
UNI	15/01/2021	6.951	7.478	6.424	7.375
UNI	16/01/2021	7.375	9.371	7.197	8.412
UNI	17/01/2021	8.412	9.174	8.08	8.684
UNI	18/01/2021	8.684	9.871	8.318	9.2
UNI	19/01/2021	9.2	9.659	8.483	8.596
UNI	20/01/2021	8.596	9.049	7.666	8.982
UNI	21/01/2021	8.982	9.028	7.336	7.588
UNI	22/01/2021	7.588	9.025	7.084	8.705
UNI	23/01/2021	8.705	9.536	8.506	9.345
UNI	24/01/2021	9.345	12.29	9.182	12.04
UNI	25/01/2021	12.04	12.89	10.89	11.31
UNI	26/01/2021	11.31	14.24	11.2	13.91
UNI	27/01/2021	13.91	15.52	13.1	14.79
UNI	28/01/2021	14.79	15.41	13.57	14.13
UNI	29/01/2021	14.13	15.76	14.09	15.68
UNI	30/01/2021	15.68	19.63	15.11	19.56
UNI	31/01/2021	19.56	20.52	17.45	17.74
UNI	01/02/2021	17.74	20.76	16.7	20.49
UNI	02/02/2021	20.49	20.6	18.09	19.01
UNI	03/02/2021	19.01	20.51	18.74	19.71
UNI	04/02/2021	19.71	21.57	19.45	20.14
UNI	05/02/2021	20.14	22.34	19.74	21.16
UNI	06/02/2021	21.16	21.67	19.25	19.26
UNI	07/02/2021	19.26	19.68	17.18	18.68
UNI	08/02/2021	18.68	20.16	18.15	19.34
UNI	09/02/2021	19.34	19.91	18.9	19.52
UNI	10/02/2021	19.52	22.41	19.52	20.72
UNI	11/02/2021	20.72	22.0	20.15	21.46
UNI	12/02/2021	21.46	23.82	21.28	22.7
UNI	13/02/2021	22.7	23.54	21.33	21.79
UNI	14/02/2021	21.79	22.61	20.73	20.87
UNI	15/02/2021	20.87	21.53	17.59	20.08
UNI	16/02/2021	20.08	21.31	19.39	20.48
UNI	17/02/2021	20.48	21.78	19.19	21.5
UNI	18/02/2021	21.5	22.24	20.62	21.15
UNI	19/02/2021	21.15	21.53	19.36	20.07
UNI	20/02/2021	20.07	32.87	19.51	28.78
UNI	21/02/2021	28.78	32.08	27.82	28.8
UNI	22/02/2021	28.8	29.13	22.45	27.71
UNI	23/02/2021	27.71	27.77	18.66	24.61
UNI	24/02/2021	24.61	27.36	23.05	25.28
UNI	25/02/2021	25.28	26.98	23.14	23.48
UNI	26/02/2021	23.48	25.17	21.05	23.1
UNI	27/02/2021	23.1	24.82	22.36	23.56
UNI	28/02/2021	23.56	24.15	20.56	22.24
UNI	01/03/2021	22.24	25.72	22.06	25.71
UNI	02/03/2021	25.71	27.43	24.56	25.58
UNI	03/03/2021	25.58	27.58	25.28	25.36
UNI	04/03/2021	25.36	29.73	24.73	28.26
UNI	05/03/2021	28.26	28.78	25.88	28.32
UNI	06/03/2021	28.32	29.02	27.18	28.51
UNI	07/03/2021	28.51	34.83	28.47	34.27
UNI	08/03/2021	34.27	34.91	32.1	33.21
UNI	09/03/2021	33.21	34.79	32.39	32.91
UNI	10/03/2021	32.91	33.54	30.38	30.93
UNI	11/03/2021	30.93	31.81	29.59	31.03
UNI	12/03/2021	31.03	31.95	29.42	30.92
UNI	13/03/2021	30.92	33.29	30.2	32.46
UNI	14/03/2021	32.46	33.77	30.66	30.67
UNI	15/03/2021	30.67	31.53	29.58	29.78
UNI	16/03/2021	29.78	30.02	28.05	30.02
UNI	17/03/2021	30.02	31.63	29.47	31.28
UNI	18/03/2021	31.28	31.58	29.73	29.98
UNI	19/03/2021	29.98	34.19	29.47	33.27
UNI	20/03/2021	33.27	35.14	31.86	32.04
UNI	21/03/2021	32.04	33.3	31.46	32.91
UNI	22/03/2021	32.91	35.82	31.77	32.82
UNI	23/03/2021	32.82	36.13	30.3	31.02
UNI	24/03/2021	31.02	31.87	26.23	27.37
UNI	25/03/2021	27.37	28.05	25.7	26.51
UNI	26/03/2021	26.51	29.02	26.48	28.92
UNI	27/03/2021	28.92	29.45	27.83	28.17
UNI	28/03/2021	28.17	28.85	27.37	27.85
UNI	29/03/2021	27.85	29.47	27.52	29.02
UNI	30/03/2021	29.02	29.28	28.33	28.58
UNI	31/03/2021	28.58	29.01	27.14	28.05
UNI	01/04/2021	28.05	30.25	28.04	28.67
UNI	02/04/2021	28.67	30.25	28.66	30.2
UNI	03/04/2021	30.2	32.45	29.35	29.38
UNI	04/04/2021	29.38	31.5	28.98	30.93
UNI	05/04/2021	30.93	31.2	29.67	30.83
UNI	06/04/2021	30.83	32.42	30.29	31.23
UNI	07/04/2021	31.23	31.38	27.83	28.55
UNI	08/04/2021	28.55	30.29	28.36	30.2
UNI	09/04/2021	30.2	30.57	29.31	29.51
UNI	10/04/2021	29.51	30.81	29.18	29.77
UNI	11/04/2021	29.77	30.65	29.24	29.91
UNI	12/04/2021	29.91	38.1	29.57	36.68
UNI	13/04/2021	36.68	37.11	34.22	35.41
UNI	14/04/2021	35.41	36.83	33.51	36.05
UNI	15/04/2021	36.05	39.47	35.66	37.77
UNI	16/04/2021	37.77	38.16	34.36	36.19
UNI	17/04/2021	36.19	37.52	34.65	34.75
UNI	18/04/2021	34.75	35.13	27.94	31.67
UNI	19/04/2021	31.67	32.7	29.66	31.42
UNI	20/04/2021	31.42	32.22	28.32	31.95
UNI	21/04/2021	31.95	36.26	30.55	33.42
UNI	22/04/2021	33.42	38.39	32.72	33.99
UNI	23/04/2021	33.99	34.93	29.7	32.98
UNI	24/04/2021	32.98	33.01	29.99	30.2
UNI	25/04/2021	30.2	34.87	30.06	34.33
UNI	26/04/2021	34.33	38.51	34.17	38.2
UNI	27/04/2021	38.2	40.61	37.38	39.68
UNI	28/04/2021	39.68	42.97	37.96	42.9
UNI	29/04/2021	42.9	43.93	39.7	41.06
UNI	30/04/2021	41.06	41.35	39.14	40.64
UNI	01/05/2021	40.64	41.27	39.21	40.32
UNI	02/05/2021	40.32	43.28	39.36	42.57
UNI	03/05/2021	42.57	44.98	41.25	42.28
UNI	04/05/2021	42.28	44.63	40.07	43.11
UNI	05/05/2021	43.11	44.81	41.59	42.47
UNI	06/05/2021	42.47	42.57	39.84	40.26
UNI	07/05/2021	40.26	41.31	38.35	39.77
UNI	08/05/2021	39.77	41.29	39.22	40.5
UNI	09/05/2021	40.5	40.75	38.18	39.46
UNI	10/05/2021	39.46	41.19	34.49	36.42
UNI	11/05/2021	36.42	38.57	35.52	38.56
UNI	12/05/2021	38.56	43.94	36.6	36.77
UNI	13/05/2021	36.77	40.3	35.12	37.35
UNI	14/05/2021	37.35	40.9	37.18	40.44
UNI	15/05/2021	40.44	42.42	36.59	36.63
UNI	16/05/2021	36.63	39.48	34.61	36.6
UNI	17/05/2021	36.6	36.6	31.91	33.25
UNI	18/05/2021	33.25	36.57	33.04	35.06
UNI	19/05/2021	35.06	35.55	18.08	23.22
UNI	20/05/2021	23.22	28.45	20.11	26.34
UNI	21/05/2021	26.34	27.95	18.96	21.96
UNI	22/05/2021	21.96	22.41	18.55	20.39
UNI	23/05/2021	20.39	21.33	13.08	16.74
UNI	24/05/2021	16.74	25.17	16.54	24.64
UNI	25/05/2021	24.64	26.7	21.65	25.14
UNI	26/05/2021	25.14	29.42	24.61	29.42
UNI	27/05/2021	29.42	30.0	26.18	28.51
UNI	28/05/2021	28.51	29.37	24.99	25.87
UNI	29/05/2021	25.87	27.52	21.82	23.16
UNI	30/05/2021	23.16	26.56	21.69	25.7
UNI	31/05/2021	25.7	28.37	23.47	28.26
UNI	01/06/2021	28.26	28.73	25.97	27.42
UNI	02/06/2021	27.42	28.77	26.37	27.62
UNI	03/06/2021	27.62	29.37	26.91	28.68
UNI	04/06/2021	28.68	28.72	25.14	26.44
UNI	05/06/2021	26.44	27.69	25.18	25.64
UNI	06/06/2021	25.64	26.44	25.35	25.86
UNI	07/06/2021	25.86	27.33	23.97	24.27
UNI	08/06/2021	24.27	24.65	20.8	23.44
UNI	09/06/2021	23.44	25.24	22.2	25.1
UNI	10/06/2021	25.1	25.25	23.11	23.58
UNI	11/06/2021	23.58	23.84	21.37	21.84
UNI	12/06/2021	21.84	21.89	20.25	21.29
UNI	13/06/2021	21.29	23.61	20.45	23.25
UNI	14/06/2021	23.25	24.2	22.51	24.16
UNI	15/06/2021	24.16	24.67	23.14	23.41
UNI	16/06/2021	23.41	23.54	21.66	21.82
UNI	17/06/2021	21.82	22.94	21.41	22.17
UNI	18/06/2021	22.17	22.28	19.59	20.42
UNI	19/06/2021	20.42	20.97	19.8	19.8
UNI	20/06/2021	19.8	21.04	18.66	20.73
UNI	21/06/2021	20.73	20.88	15.78	15.8
UNI	22/06/2021	15.8	17.13	13.99	16.42
UNI	23/06/2021	16.42	18.48	15.79	17.8
UNI	24/06/2021	17.8	18.54	16.62	18.04
UNI	25/06/2021	18.04	18.35	15.72	15.83
UNI	26/06/2021	15.83	16.47	15.13	16.14
UNI	27/06/2021	16.14	17.11	15.65	17.11
UNI	28/06/2021	17.11	18.14	16.87	17.72
UNI	29/06/2021	17.72	19.18	17.67	18.63
UNI	30/06/2021	18.63	19.3	17.17	19.27
UNI	01/07/2021	19.27	19.28	17.57	17.79
UNI	02/07/2021	17.79	18.24	16.94	18.21
UNI	03/07/2021	18.21	19.54	17.8	19.47
UNI	04/07/2021	19.47	21.49	18.93	20.77
UNI	05/07/2021	20.77	20.89	19.15	20.06
UNI	06/07/2021	20.06	23.19	20.04	22.38
UNI	07/07/2021	22.38	23.44	21.68	22.25
UNI	08/07/2021	22.25	22.3	19.94	20.34
UNI	09/07/2021	20.34	21.57	19.77	20.97
UNI	10/07/2021	20.97	21.51	19.94	20.25
UNI	11/07/2021	20.25	20.93	19.99	20.7
UNI	12/07/2021	20.7	21.4	19.22	19.55
UNI	13/07/2021	19.55	19.72	18.18	18.46
UNI	14/07/2021	18.46	18.53	16.74	17.89
UNI	15/07/2021	17.89	18.38	16.81	17.05
UNI	16/07/2021	17.05	17.61	15.95	16.37
UNI	17/07/2021	16.37	16.76	15.96	16.12
UNI	18/07/2021	16.12	17.18	16.05	16.33
UNI	19/07/2021	16.33	16.78	15.41	15.73
UNI	20/07/2021	15.73	15.96	14.43	14.56
UNI	21/07/2021	14.56	16.86	14.02	16.71
UNI	22/07/2021	16.71	17.61	16.09	17.58
UNI	23/07/2021	17.58	18.69	16.94	18.59
UNI	24/07/2021	18.59	18.95	18.06	18.26
UNI	25/07/2021	18.26	18.46	17.28	18.3
UNI	26/07/2021	18.3	20.29	18.18	18.53
UNI	27/07/2021	18.53	19.24	17.71	18.89
UNI	28/07/2021	18.89	19.45	18.53	19.06
UNI	29/07/2021	19.06	19.79	18.61	19.58
UNI	30/07/2021	19.58	21.04	19.38	20.93
UNI	31/07/2021	20.93	21.95	20.7	21.73
UNI	01/08/2021	21.73	23.23	21.58	22.0
UNI	02/08/2021	22.0	23.09	21.4	22.38
UNI	03/08/2021	22.38	22.73	20.69	21.32
UNI	04/08/2021	21.32	23.72	20.78	23.53
UNI	05/08/2021	23.53	25.55	22.12	25.44
UNI	06/08/2021	25.44	26.94	24.54	26.17
UNI	07/08/2021	26.17	28.99	25.82	28.31
UNI	08/08/2021	28.31	28.68	25.97	26.71
UNI	09/08/2021	26.71	28.75	25.39	28.36
UNI	10/08/2021	28.36	30.2	28.18	28.76
UNI	11/08/2021	28.76	30.4	28.73	28.96
UNI	12/08/2021	29.02	29.02	26.88	28.08
UNI	13/08/2021	28.08	30.6	27.86	30.5
UNI	14/08/2021	30.5	30.66	28.77	30.14
UNI	15/08/2021	30.14	30.47	28.31	30.28
UNI	16/08/2021	30.28	31.25	29.01	29.07
UNI	17/08/2021	29.07	30.8	25.91	26.41
UNI	18/08/2021	26.41	27.35	25.51	26.27
UNI	19/08/2021	26.27	27.98	25.31	27.96
UNI	20/08/2021	27.96	29.2	27.55	28.88
UNI	21/08/2021	28.88	29.75	28.22	28.27
UNI	22/08/2021	28.27	29.2	27.22	28.43
UNI	23/08/2021	28.43	29.62	28.37	28.8
UNI	24/08/2021	28.8	29.23	26.56	26.62
UNI	25/08/2021	26.62	27.44	25.71	27.06
UNI	26/08/2021	27.06	27.65	25.11	25.52
UNI	27/08/2021	25.52	27.5	25.06	27.44
UNI	28/08/2021	27.44	27.62	26.66	26.85
UNI	29/08/2021	26.85	27.69	26.2	26.82
UNI	30/08/2021	26.82	28.21	25.58	26.83
UNI	31/08/2021	26.83	29.73	26.2	29.38
UNI	01/09/2021	29.38	31.37	28.71	31.34
UNI	02/09/2021	31.34	31.41	29.54	29.92
UNI	03/09/2021	29.92	31.19	28.33	28.65
UNI	04/09/2021	28.65	29.44	28.23	28.56
UNI	05/09/2021	28.56	29.49	28.34	29.36
UNI	06/09/2021	29.36	30.28	28.7	28.84
UNI	07/09/2021	28.84	29.32	21.22	24.27
UNI	08/09/2021	24.27	24.96	21.41	23.14
UNI	09/09/2021	23.14	24.71	22.74	23.32
UNI	10/09/2021	23.32	24.25	21.44	22.3
UNI	11/09/2021	22.3	23.87	22.25	22.72
UNI	12/09/2021	22.72	24.26	22.16	23.73
UNI	13/09/2021	23.73	24.04	21.43	22.66
UNI	14/09/2021	22.66	25.9	22.49	25.66
UNI	15/09/2021	25.66	27.47	24.7	27.47
UNI	16/09/2021	27.47	27.59	25.43	26.24
UNI	17/09/2021	26.24	26.37	24.02	24.3
UNI	18/09/2021	24.3	25.18	23.95	24.53
UNI	19/09/2021	24.53	24.63	23.52	23.88
UNI	20/09/2021	23.88	23.97	20.56	20.89
UNI	21/09/2021	20.89	21.62	18.49	19.05
UNI	22/09/2021	19.05	21.65	18.86	21.62
UNI	23/09/2021	21.62	21.84	20.91	21.52
UNI	24/09/2021	21.52	21.64	18.23	19.66
UNI	25/09/2021	19.66	20.11	18.98	19.49
UNI	26/09/2021	19.49	24.71	17.78	24.09
UNI	27/09/2021	24.09	26.0	22.27	22.39
UNI	28/09/2021	22.39	24.97	22.21	23.07
UNI	29/09/2021	23.07	24.27	22.36	23.01
UNI	30/09/2021	23.01	23.94	22.63	23.52
UNI	01/10/2021	23.52	25.76	23.49	25.63
UNI	02/10/2021	25.63	27.21	25.37	26.13
UNI	03/10/2021	26.13	26.63	25.71	26.03
UNI	04/10/2021	26.03	26.03	24.38	25.33
UNI	05/10/2021	25.33	25.9	24.64	25.66
UNI	06/10/2021	25.66	26.01	23.84	25.25
UNI	07/10/2021	25.25	26.29	24.52	25.52
UNI	08/10/2021	25.52	26.09	24.64	24.76
UNI	09/10/2021	24.76	25.66	24.55	25.13
UNI	10/10/2021	25.13	25.99	24.11	24.17
UNI	11/10/2021	24.17	25.06	23.56	24.16
UNI	12/10/2021	24.16	24.16	22.31	23.46
UNI	13/10/2021	23.46	25.53	23.25	24.68
UNI	14/10/2021	24.68	26.55	24.53	26.43
UNI	15/10/2021	26.43	26.84	25.48	25.89
UNI	16/10/2021	25.89	27.93	25.75	27.06
UNI	17/10/2021	27.06	27.13	25.25	25.91
UNI	18/10/2021	25.91	26.24	24.93	25.65
UNI	19/10/2021	25.65	26.3	25.29	26.02
UNI	20/10/2021	26.02	27.13	25.55	27.13
UNI	21/10/2021	27.13	27.74	25.85	26.1
UNI	22/10/2021	26.1	26.85	25.34	25.64
UNI	23/10/2021	25.64	26.88	25.31	26.84
UNI	24/10/2021	26.84	27.23	25.38	25.79
UNI	25/10/2021	25.79	26.75	25.7	26.75
UNI	26/10/2021	26.75	28.27	26.14	26.55
UNI	27/10/2021	26.55	28.28	24.13	24.16
UNI	28/10/2021	24.16	25.34	23.95	24.89
UNI	29/10/2021	24.89	25.8	24.68	25.44
UNI	30/10/2021	25.44	25.56	24.47	24.9
UNI	31/10/2021	24.9	25.3	24.05	25.0
UNI	01/11/2021	25.0	26.49	24.18	25.65
UNI	02/11/2021	25.65	26.33	25.18	26.2
UNI	03/11/2021	26.2	27.05	25.4	26.83
UNI	04/11/2021	26.83	27.47	25.28	25.77
UNI	05/11/2021	25.77	26.11	25.3	25.61
UNI	06/11/2021	25.61	25.81	24.49	25.18
UNI	07/11/2021	25.18	25.52	24.99	25.34
UNI	08/11/2021	25.34	26.36	25.21	26.25
UNI	09/11/2021	26.25	27.73	26.13	26.36
UNI	10/11/2021	26.36	28.47	24.24	25.28
UNI	11/11/2021	25.28	26.11	24.92	25.39
UNI	12/11/2021	25.39	25.69	23.92	24.57
UNI	13/11/2021	24.57	24.81	24.17	24.65
UNI	14/11/2021	24.65	24.98	24.02	24.56
UNI	15/11/2021	24.56	25.19	23.83	23.99
UNI	16/11/2021	23.99	24.0	20.62	21.69
UNI	17/11/2021	21.69	21.95	21.09	21.9
UNI	18/11/2021	21.9	22.24	19.66	20.12
UNI	19/11/2021	20.12	21.33	19.8	21.22
UNI	20/11/2021	21.22	22.04	20.95	22.04
UNI	21/11/2021	22.04	22.18	21.41	21.66
UNI	22/11/2021	21.66	22.24	20.76	20.98
UNI	23/11/2021	20.98	22.32	20.77	22.2
UNI	24/11/2021	22.23	22.3	205.512	20.732
UNI	25/11/2021	207.262	216.559	20.59	213.186
UNI	26/11/2021	213.193	214.597	187.641	19.419
UNI	27/11/2021	194.363	20.152	191.745	196.185
UNI	28/11/2021	196.185	201.322	186.315	198.833
UNI	29/11/2021	198.815	20.489	19.66	20.297
UNI	30/11/2021	20.305	21.476	196.659	21.142
UNI	01/12/2021	21.217	22.6	20.79	20.982
UNI	02/12/2021	209.946	230.449	20.563	226.133
UNI	03/12/2021	22.625	230.349	194.332	199.086
UNI	04/12/2021	199.179	201.263	140.507	172.596
UNI	05/12/2021	172.628	174.983	159.061	165.112
UNI	06/12/2021	16.493	173.534	151.942	172.683
UNI	07/12/2021	172.819	17.675	169.622	170.772
UNI	08/12/2021	170.014	184.763	16.969	182.641
UNI	09/12/2021	182.691	187.758	161.287	16.4
UNI	10/12/2021	16.39	16.53	15.23	15.49
UNI	11/12/2021	15.45	16.75	14.97	15.75
UNI	12/12/2021	15.75	16.2	15.28	16.11
UNI	13/12/2021	16.14	16.2	13.766	14.314
UNI	14/12/2021	14.296	15.072	13.933	14.906
UNI	15/12/2021	14.906	155.177	141.671	152.291
UNI	16/12/2021	152.291	153.792	143.929	145.944
UNI	17/12/2021	145.944	147.859	136.755	147.859
UNI	18/12/2021	147.759	161.064	146.844	159.864
UNI	19/12/2021	159.864	159.864	148.359	151.861
UNI	20/12/2021	151.876	152.346	139.728	144.543
UNI	21/12/2021	144.558	15.046	143.143	15.016
UNI	22/12/2021	15.016	159.364	149.445	158.979
UNI	23/12/2021	158.964	181.591	157.947	179.672
UNI	24/12/2021	179.672	18.291	174.187	176.506
UNI	25/12/2021	176.406	178.507	170.885	173.769
UNI	26/12/2021	173.769	187.994	16.73	186.575
UNI	27/12/2021	186.493	20.08	185.493	193.358
UNI	28/12/2021	193.358	19.926	177.836	184.537
UNI	29/12/2021	184.437	194.839	174.835	175.235
UNI	30/12/2021	175.217	179.136	167.117	176.835
UNI	31/12/2021	176.835	186.537	167.717	170.317
UNI	01/01/2022	170.317	175.582	168.383	172.735
UNI	02/01/2022	172.835	182.618	170.434	182.537
UNI	03/01/2022	182.637	19.18	178.518	181.818
UNI	04/01/2022	181.818	19.15	176.918	184.582
UNI	05/01/2022	184.563	19.86	163.184	172.583
UNI	06/01/2022	172.483	17.38	160.984	171.083
UNI	07/01/2022	171.168	172.583	152.669	157.584
UNI	08/01/2022	157.384	161.884	145.485	15.13
UNI	09/01/2022	15.13	16.3	148.085	15.85
UNI	10/01/2022	15.85	164.516	147.085	15.08
UNI	11/01/2022	15.09	163.216	14.98	159.116
UNI	12/01/2022	159.016	166.166	158.916	161.865
UNI	13/01/2022	161.865	165.983	154.262	155.162
UNI	14/01/2022	155.162	15.968	151.361	158.448
UNI	15/01/2022	158.563	167.284	157.163	165.683
UNI	16/01/2022	165.583	181.773	162.965	178.571
UNI	17/01/2022	178.571	179.672	162.365	165.066
UNI	18/01/2022	165.066	177.071	156.263	161.849
UNI	19/01/2022	161.649	162.365	15.213	153.946
UNI	20/01/2022	153.946	161.849	146.715	14.863
UNI	21/01/2022	14.863	14.863	123.225	126.138
UNI	22/01/2022	126.625	130.139	104.021	110.133
UNI	23/01/2022	110.122	119.336	108.222	111.522
UNI	24/01/2022	111.722	117.724	953.286	106.032
UNI	25/01/2022	105.932	109.455	103.321	105.153
UNI	26/01/2022	105.153	117.359	103.652	104.963
UNI	27/01/2022	105.063	109.155	989.593	101.451
UNI	28/01/2022	101.441	107.422	985.295	105.121
UNI	29/01/2022	105.021	112.434	105.021	111.634
UNI	30/01/2022	111.533	114.434	106.532	107.243
UNI	31/01/2022	107.343	119.059	103.041	117.058
UNI	01/02/2022	117.058	118.771	110.266	111.556
UNI	02/02/2022	111.456	113.668	103.952	105.495
UNI	03/02/2022	105.595	106.074	998.399	103.052
UNI	04/02/2022	102.851	111.556	102.741	109.487
UNI	05/02/2022	109.487	120.284	109.287	113.568
UNI	06/02/2022	113.568	11.617	110.155	112.445
UNI	07/02/2022	112.445	126.101	112.445	123.687
UNI	08/02/2022	123.687	12.939	115.192	118.507
UNI	09/02/2022	118.507	126.614	116.181	123.523
UNI	10/02/2022	123.423	123.711	113.902	116.682
UNI	11/02/2022	116.682	116.782	104.131	104.531
UNI	12/02/2022	104.531	109.777	103.831	106.553
UNI	13/02/2022	106.553	108.565	102.562	104.363
UNI	14/02/2022	104.062	107.164	101.151	106.353
UNI	15/02/2022	106.353	114.169	106.053	113.068
UNI	16/02/2022	113.168	115.369	107.865	113.457
UNI	17/02/2022	113.457	114.357	102.551	104.973
UNI	18/02/2022	104.973	107.075	10.046	100.861
UNI	19/02/2022	100.861	104.263	976.586	998.499
UNI	20/02/2022	998.399	10.066	918.367	950.475
UNI	21/02/2022	950.475	975.488	867.347	884.442
UNI	22/02/2022	884.442	897.359	814.244	876.438
UNI	23/02/2022	876.438	946.473	872.436	904.542
UNI	24/02/2022	904.542	904.542	751.375	862.345
UNI	25/02/2022	861.344	94.047	846.254	93.947
UNI	26/02/2022	94.047	954.477	896.358	909.364
UNI	27/02/2022	907.363	101.551	865.346	98.049
UNI	28/02/2022	979.392	105.353	939.376	103.641
UNI	01/03/2022	103.742	108.243	10.044	102.931
UNI	02/03/2022	103.031	105.832	996.299	10.102
UNI	03/03/2022	10.093	10.143	942.188	957.191
UNI	04/03/2022	958.287	963.289	865.259	882.265
UNI	05/03/2022	882.265	914.274	868.174	902.271
UNI	06/03/2022	903.271	908.272	845.169	872.262
UNI	07/03/2022	872.262	880.176	811.162	83.425
UNI	08/03/2022	83.325	886.177	825.248	876.175
UNI	09/03/2022	877.175	946.189	874.175	911.182
UNI	10/03/2022	909.182	930.093	85.117	872.349
UNI	11/03/2022	848.339	905.362	836.334	859.172
UNI	12/03/2022	860.172	887.177	845.084	853.085
UNI	13/03/2022	852.085	875.088	812.162	818.245
UNI	14/03/2022	817.163	858.172	810.162	840.168
UNI	15/03/2022	840.084	880.176	814.081	86.726
UNI	16/03/2022	86.726	922.277	850.255	903.271
UNI	17/03/2022	902.271	941.282	89.918	918.459
UNI	18/03/2022	917.367	976.586	90.136	957.479
UNI	19/03/2022	956.478	995.597	955.477	962.385
UNI	20/03/2022	962.481	978.489	913.457	932.373
UNI	21/03/2022	933.466	96.148	917.458	929.372
UNI	22/03/2022	928.371	101.751	92.537	98.149
UNI	23/03/2022	98.149	102.551	965.483	987.395
UNI	24/03/2022	988.494	107.354	987.395	107.143
UNI	25/03/2022	107.043	111.556	104.242	105.842
UNI	26/03/2022	105.842	107.554	103.742	105.242
UNI	27/03/2022	105.253	113.745	104.652	113.545
UNI	28/03/2022	113.545	115.746	111.333	112.445
UNI	29/03/2022	112.456	117.247	107.632	110.955
UNI	30/03/2022	110.655	118.547	108.243	116.135
UNI	31/03/2022	116.135	124.925	110.433	113.123
UNI	01/04/2022	113.134	12.096	108.833	118.147
UNI	02/04/2022	118.135	120.048	114.346	118.647
UNI	03/04/2022	118.748	120.448	114.634	118.347
UNI	04/04/2022	118.435	121.736	110.433	114.823
UNI	05/04/2022	114.923	119.036	111.311	112.923
UNI	06/04/2022	113.023	113.123	10.07	10.3
UNI	07/04/2022	10.301	10.351	981.098	10.311
UNI	08/04/2022	10.311	105.521	978.293	980.392
UNI	09/04/2022	980.392	10.063	962.289	10.003
UNI	10/04/2022	10.023	103.231	993.298	10.122
UNI	11/04/2022	10.131	10.162	893.179	896.269
UNI	12/04/2022	896.269	94.919	890.267	922.277
UNI	13/04/2022	922.277	973.292	915.274	96.729
UNI	14/04/2022	96.729	975.292	93.228	948.095
UNI	15/04/2022	94.819	997.199	946.095	973.195
UNI	16/04/2022	973.097	983.197	94.919	961.602
UNI	17/04/2022	961.622	971.294	946.685	95.196
UNI	18/04/2022	951.275	954.711	886.077	931.279
UNI	19/04/2022	93.228	962.192	921.184	94.919
UNI	20/04/2022	94.921	969.954	910.822	922.534
UNI	21/04/2022	922.795	971.334	877.748	892.108
UNI	22/04/2022	897.139	913.183	874.087	894.089
UNI	23/04/2022	893.179	922.184	883.088	903.181
UNI	24/04/2022	90.309	916.183	870.087	881.176
UNI	25/04/2022	881.176	884.177	8.18	870.894
UNI	26/04/2022	871.344	881.588	80.039	812.951
UNI	27/04/2022	813.191	84.017	79.131	821.852
UNI	28/04/2022	821.082	836.084	8.02	816.082
UNI	29/04/2022	815.462	822.772	7.51	759.536
UNI	30/04/2022	759.636	779.128	732.073	7.53
UNI	01/05/2022	7.52	753.075	6.35	7.01
UNI	02/05/2022	70.207	720.072	6.64	691.069
UNI	03/05/2022	692.569	71.296	669.386	680.432
UNI	04/05/2022	680.192	78.902	678.712	78.821
UNI	05/05/2022	7.89	809.838	695.861	723.285
UNI	06/05/2022	723.345	757.924	686.931	747.925
UNI	07/05/2022	747.925	769.923	718.856	718.856
UNI	08/05/2022	718.856	73.378	684.657	724.783
UNI	09/05/2022	724.783	727.782	604.758	618.876
UNI	10/05/2022	621.086	664.801	575.677	585.766
UNI	11/05/2022	583.766	620.752	463.187	488.187
UNI	12/05/2022	487.749	517.607	355.379	46.175
UNI	13/05/2022	46.175	546.562	453.771	518.118
UNI	14/05/2022	518.118	537.085	471.009	509.286
UNI	15/05/2022	509.286	538.353	497.253	537.301
UNI	16/05/2022	538.299	546.344	489.363	510.336
UNI	17/05/2022	511.334	544.401	502.246	533.306
UNI	18/05/2022	533.306	554.334	487.366	500.349
UNI	19/05/2022	501.297	517.534	473.384	511.488
UNI	20/05/2022	511.488	551.614	49.141	502.396
UNI	21/05/2022	502.396	536.302	497.402	521.321
UNI	22/05/2022	521.321	543.347	511.334	540.351
UNI	23/05/2022	540.351	597.342	536.356	572.312
UNI	24/05/2022	572.255	58.136	528.365	554.279
UNI	25/05/2022	555.222	579.304	537.354	560.646
UNI	26/05/2022	560.567	576.585	478.413	505.774
UNI	27/05/2022	504.825	50.975	458.815	469.031
UNI	28/05/2022	468.461	497.917	460.244	493.782
UNI	29/05/2022	493.672	502.477	476.698	492.523
UNI	30/05/2022	492.618	569.091	488.552	56.172
UNI	31/05/2022	562.696	58.654	553.941	564.478
UNI	01/06/2022	564.195	581.055	509.439	517.734
UNI	02/06/2022	517.734	528.944	504.165	522.519
UNI	03/06/2022	522.849	533.103	495.743	514.072
UNI	04/06/2022	514.112	515.431	493.241	51.289
UNI	05/06/2022	512.615	522.545	491.572	513.517
UNI	06/06/2022	514.516	541.556	505.524	530.549
UNI	07/06/2022	530.554	541.523	492.591	539.563
UNI	08/06/2022	537.564	539.622	502.633	513.666
UNI	09/06/2022	513.666	535.539	502.623	521.562
UNI	10/06/2022	520.557	522.576	477.474	486.377
UNI	11/06/2022	486.377	496.468	432.459	442.499
UNI	12/06/2022	443.494	447.494	408.423	426.475
UNI	13/06/2022	426.475	428.477	344.055	363.494
UNI	14/06/2022	363.498	380.516	334.514	363.563
UNI	15/06/2022	363.563	434.521	33.839	431.352
UNI	16/06/2022	433.279	440.786	387.973	391.351
UNI	17/06/2022	381.269	400.143	376.979	394.126
UNI	18/06/2022	3.942	408.318	332.507	353.427
UNI	19/06/2022	353.427	423.491	348.504	416.458
UNI	20/06/2022	417.948	438.631	398.112	416.941
UNI	21/06/2022	416.332	518.703	411.277	479.822
UNI	22/06/2022	479.702	535.124	456.537	506.243
UNI	23/06/2022	505.824	565.354	495.594	546.403
UNI	24/06/2022	546.358	578.791	535.434	549.651
UNI	25/06/2022	549.561	574.766	524.498	57.158
UNI	26/06/2022	571.604	607.591	547.127	586.706
UNI	27/06/2022	586.892	592.185	527.195	532.056
UNI	28/06/2022	532.211	547.801	503.831	5.116
UNI	29/06/2022	511.165	525.723	477.694	516.334
UNI	30/06/2022	51.643	522.197	459.606	475.838
UNI	01/07/2022	476.108	512.466	469.828	4.88
UNI	02/07/2022	4.882	5.082	4.719	494.995
UNI	03/07/2022	496.314	49.921	473.676	490.791
UNI	04/07/2022	492.139	513.643	472.595	509.937
UNI	05/07/2022	509.987	543.897	500.549	539.826
UNI	06/07/2022	539.826	549.125	518.497	529.996
UNI	07/07/2022	529.946	581.939	528.108	570.937
UNI	08/07/2022	571.127	595.163	552.483	578.223
UNI	09/07/2022	577.793	661.853	576.584	652.388
UNI	10/07/2022	652.099	657.525	598.291	631.931
UNI	11/07/2022	631.661	637.247	561.234	56.607
UNI	12/07/2022	56.566	587.413	522.986	55.983
UNI	13/07/2022	559.757	579.158	524.932	579.158
UNI	14/07/2022	579.158	708.455	578.539	678.753
UNI	15/07/2022	679.242	723.925	673.428	692.652
UNI	16/07/2022	692.562	767.127	667.083	73.286
UNI	17/07/2022	732.953	742.889	690.473	704.697
UNI	18/07/2022	704.697	744.876	693.097	706.567
UNI	19/07/2022	706.547	765.858	70.312	74.873
UNI	20/07/2022	74.822	759.918	67.959	693.565
UNI	21/07/2022	703.402	728.425	667.647	725.531
UNI	22/07/2022	725.534	745.359	682.609	696.743
UNI	23/07/2022	696.743	720.382	664.823	691.291
UNI	24/07/2022	691.319	713.194	689.188	712.245
UNI	25/07/2022	712.923	751.115	682.266	743.489
UNI	26/07/2022	743.489	744.694	622.557	634.029
UNI	27/07/2022	634.029	788.458	631.378	783.108
UNI	28/07/2022	783.148	981.055	780.335	946.279
UNI	29/07/2022	946.279	950.717	862.321	905.271
UNI	30/07/2022	908.002	916.872	852.736	868.847
UNI	31/07/2022	868.805	914.298	854.039	879.122
UNI	01/08/2022	873.402	873.489	806.325	822.307
UNI	02/08/2022	822.307	866.851	782.281	840.273
UNI	03/08/2022	841.068	938.448	804.089	899.145
UNI	04/08/2022	904.138	91.748	855.203	877.446
UNI	05/08/2022	877.446	926.035	872.354	89.705
UNI	06/08/2022	897.581	913.334	873.832	893.967
UNI	07/08/2022	893.786	897.761	869.937	894.861
UNI	08/08/2022	89.486	923.275	875.979	886.386
UNI	09/08/2022	886.596	886.778	809.744	841.708
UNI	10/08/2022	841.708	942.263	821.068	903.852
UNI	11/08/2022	910.274	95.977	896.354	898.132
UNI	12/08/2022	898.892	925.032	875.458	906.397
UNI	13/08/2022	906.547	933.882	891.947	906.283
UNI	14/08/2022	905.883	961.105	881.023	887.665
UNI	15/08/2022	887.536	915.827	844.052	848.374
UNI	16/08/2022	848.382	856.286	819.681	832.385
UNI	17/08/2022	832.985	866.443	79.649	798.526
UNI	18/08/2022	796.196	819.487	77.457	789.948
UNI	19/08/2022	788.269	793.159	68.508	685.529
UNI	20/08/2022	687.869	719.068	67.898	682.273
UNI	21/08/2022	692.076	73.167	692.076	724.706
UNI	22/08/2022	724.706	732.711	662.481	681.977
UNI	23/08/2022	682.177	720.307	675.463	707.624
UNI	24/08/2022	707.239	728.004	687.522	720.545
UNI	25/08/2022	720.005	723.397	692.741	706.441
UNI	26/08/2022	707.571	708.793	629.427	634.833
UNI	27/08/2022	634.833	636.487	595.484	604.368
UNI	28/08/2022	603.812	610.172	585.411	59.202
UNI	29/08/2022	59.202	631.455	568.096	629.924
UNI	30/08/2022	62.771	645.039	594.962	617.056
UNI	31/08/2022	616.779	641.381	612.522	621.434
UNI	01/09/2022	621.434	63.292	597.954	628.062
UNI	02/09/2022	628.062	66.873	620.539	633.835
UNI	03/09/2022	633.841	641.521	62.275	625.563
UNI	04/09/2022	62.548	651.485	62.302	64.397
UNI	05/09/2022	64.246	655.486	62.056	647.275
UNI	06/09/2022	647.275	674.487	57.914	58.778
UNI	07/09/2022	58.778	618.287	577.285	615.653
UNI	08/09/2022	61.561	625.693	595.574	619.869
UNI	09/09/2022	61.977	670.604	614.151	644.609
UNI	10/09/2022	644.459	66.685	638.835	655.825
UNI	11/09/2022	660.932	672.832	637.379	63.917
UNI	12/09/2022	638.953	696.461	637.453	66.504
UNI	13/09/2022	665.109	676.658	601.586	610.852
UNI	14/09/2022	610.792	621.463	595.626	614.264
UNI	15/09/2022	614.264	623.112	579.555	596.006
UNI	16/09/2022	596.046	596.754	56.671	583.662
UNI	17/09/2022	58.382	60.134	578.952	59.879
UNI	18/09/2022	59.879	60.461	53.647	5.52
UNI	19/09/2022	5.52	555.294	52.178	548.065
UNI	20/09/2022	548.065	555.646	53.019	533.713
UNI	21/09/2022	534.821	574.427	52.449	52.788
UNI	22/09/2022	52.788	585.339	5.146	5.707
UNI	23/09/2022	573.277	59.869	5.691	580.872
UNI	24/09/2022	590.829	604.976	582.338	585.457
UNI	25/09/2022	58.547	59.526	567.637	56.949
UNI	26/09/2022	57.052	59.839	55.571	58.711
UNI	27/09/2022	58.711	669.757	584.552	626.597
UNI	28/09/2022	626.817	65.854	60.078	65.412
UNI	29/09/2022	65.322	66.218	6.129	636.414
UNI	30/09/2022	636.404	669.867	627.583	62.969
UNI	01/10/2022	62.969	66.608	626.993	64.267
UNI	02/10/2022	64.267	64.937	617.382	62.989
UNI	03/10/2022	630.743	680.038	61.928	670.437
UNI	04/10/2022	670.437	684.835	656.886	671.101
UNI	05/10/2022	671.101	680.066	647.685	677.525
UNI	06/10/2022	677.525	699.902	672.421	691.224
UNI	07/10/2022	691.007	707.326	668.897	677.295
UNI	08/10/2022	677.295	684.045	652.746	65.515
UNI	09/10/2022	648.849	664.553	643.512	662.723
UNI	10/10/2022	662.646	672.047	628.167	637.186
UNI	11/10/2022	63.481	65.078	597.612	601.416
UNI	12/10/2022	601.436	617.078	594.827	609.958
UNI	13/10/2022	60.989	621.277	539.589	616.739
UNI	14/10/2022	616.519	652.732	608.753	616.535
UNI	15/10/2022	614.555	635.602	600.528	60.551
UNI	16/10/2022	605.566	616.722	597.098	604.334
UNI	17/10/2022	60.365	642.909	603.214	640.593
UNI	18/10/2022	640.599	665.293	621.652	656.729
UNI	19/10/2022	656.756	67.369	638.733	66.635
UNI	20/10/2022	666.573	669.973	601.458	608.387
UNI	21/10/2022	608.407	616.578	582.508	599.598
UNI	22/10/2022	599.598	615.338	598.068	609.145
UNI	23/10/2022	609.145	620.554	597.598	616.186
UNI	24/10/2022	616.664	633.631	606.818	615.305
UNI	25/10/2022	617.045	677.507	607.442	65.521
UNI	26/10/2022	654.632	689.222	652.487	672.268
UNI	27/10/2022	672.268	720.641	66.828	687.561
UNI	28/10/2022	687.561	697.509	652.056	687.414
UNI	29/10/2022	687.401	72.234	671.461	706.282
UNI	30/10/2022	706.289	736.144	679.226	688.418
UNI	31/10/2022	687.834	712.346	670.367	692.285
UNI	01/11/2022	692.288	735.922	691.112	714.299
UNI	02/11/2022	714.519	737.282	683.705	701.098
UNI	03/11/2022	701.098	740.279	698.895	70.483
UNI	04/11/2022	704.633	775.732	682.729	75.322
UNI	05/11/2022	753.703	778.936	748.987	767.788
UNI	06/11/2022	767.796	775.402	725.275	728.688
UNI	07/11/2022	728.501	770.014	689.972	701.824
UNI	08/11/2022	701.951	710.025	546.344	59.831
UNI	09/11/2022	598.751	622.587	477.876	495.558
UNI	10/11/2022	498.874	638.769	48.235	580.916
UNI	11/11/2022	581.379	669.985	546.713	598.275
UNI	12/11/2022	597.598	623.235	543.131	550.837
UNI	13/11/2022	553.662	615.555	551.376	585.097
UNI	14/11/2022	584.907	610.556	537.618	597.323
UNI	15/11/2022	597.353	648.221	596.134	626.663
UNI	16/11/2022	626.954	640.098	581.963	589.217
UNI	17/11/2022	590.646	604.502	566.361	578.508
UNI	18/11/2022	578.503	60.439	571.836	58.152
UNI	19/11/2022	58.152	587.331	565.803	576.374
UNI	20/11/2022	57.638	581.123	539.045	541.576
UNI	21/11/2022	541.581	546.284	50.833	51.575
UNI	22/11/2022	515.581	537.834	49.507	527.146
UNI	23/11/2022	527.279	551.903	525.006	548.322
UNI	24/11/2022	548.306	558.486	538.568	541.145
UNI	25/11/2022	541.245	550.715	529.292	542.591
UNI	26/11/2022	542.591	562.189	536.073	537.683
UNI	27/11/2022	537.683	558.099	537.683	553.446
UNI	28/11/2022	554.288	554.556	513.948	529.499
UNI	29/11/2022	529.499	552.938	52.544	546.698
UNI	30/11/2022	546.698	586.116	54.499	584.663
UNI	01/12/2022	584.808	597.948	570.973	589.745
UNI	02/12/2022	589.745	653.952	586.337	637.808
UNI	03/12/2022	637.558	643.134	607.281	609.951
UNI	04/12/2022	609.951	629.679	606.531	626.583
UNI	05/12/2022	626.523	641.988	612.311	615.478
UNI	06/12/2022	615.492	623.632	604.248	607.718
UNI	07/12/2022	60.773	62.808	587.251	60.054
UNI	08/12/2022	603.284	623.096	591.856	615.133
UNI	09/12/2022	615.043	628.745	60.862	616.228
UNI	10/12/2022	614.688	621.776	607.644	607.738
UNI	11/12/2022	60.788	610.771	588.489	591.999
UNI	12/12/2022	592.058	59.727	574.542	590.963
UNI	13/12/2022	591.028	625.485	584.332	606.964
UNI	14/12/2022	606.964	618.098	592.045	594.052
UNI	15/12/2022	594.032	60.133	576.925	580.586
UNI	16/12/2022	581.016	588.128	530.463	537.414
UNI	17/12/2022	537.544	544.016	521.542	53.766
UNI	18/12/2022	537.964	541.117	533.121	534.519
UNI	19/12/2022	535.875	537.475	50.098	50.451
UNI	20/12/2022	505.365	539.189	5.051	531.891
UNI	21/12/2022	531.891	537.316	520.295	525.926
UNI	22/12/2022	525.926	538.895	513.149	53.152
UNI	23/12/2022	53.151	539.614	523.348	525.007
UNI	24/12/2022	524.987	526.758	518.618	519.454
UNI	25/12/2022	519.454	523.894	505.439	513.623
UNI	26/12/2022	513.639	52.039	513.029	517.207
UNI	27/12/2022	517.187	532.062	509.586	514.359
UNI	28/12/2022	514.109	520.202	494.358	496.787
UNI	29/12/2022	496.787	513.174	494.538	502.889
UNI	30/12/2022	502.754	51.094	494.787	508.636
UNI	31/12/2022	508.151	519.865	505.237	515.932
UNI	01/01/2023	515.932	526.328	509.774	525.703
UNI	02/01/2023	525.703	545.987	517.962	535.089
UNI	03/01/2023	535.083	541.906	527.424	534.891
UNI	04/01/2023	534.402	558.976	534.392	548.319
UNI	05/01/2023	548.339	556.039	536.974	540.111
UNI	06/01/2023	540.138	55.074	524.432	54.972
UNI	07/01/2023	551.533	55.587	539.509	54.077
UNI	08/01/2023	54.077	55.229	534.804	549.624
UNI	09/01/2023	549.624	596.464	549.196	580.204
UNI	10/01/2023	57.991	587.663	566.504	576.901
UNI	11/01/2023	576.822	589.202	560.676	585.807
UNI	12/01/2023	58.582	618.935	585.643	614.665
UNI	13/01/2023	614.851	635.825	601.684	626.376
UNI	14/01/2023	626.106	696.533	62.577	657.953
UNI	15/01/2023	657.953	66.748	639.378	666.213
UNI	16/01/2023	66.622	674.215	628.668	660.033
UNI	17/01/2023	660.333	664.993	637.524	638.584
UNI	18/01/2023	637.994	681.672	600.514	60.728
UNI	19/01/2023	607.274	619.202	598.556	611.936
UNI	20/01/2023	612.046	661.099	607.298	659.439
UNI	21/01/2023	659.199	682.486	654.868	679.296
UNI	22/01/2023	679.229	709.535	661.506	682.807
UNI	23/01/2023	682.066	698.024	66.814	672.228
UNI	24/01/2023	672.184	682.952	622.903	633.293
UNI	25/01/2023	633.643	669.891	610.598	650.231
UNI	26/01/2023	649.024	675.574	645.529	673.974
UNI	27/01/2023	673.974	687.641	65.671	680.989
UNI	28/01/2023	680.961	691.183	656.781	657.511
UNI	29/01/2023	657.481	698.154	655.761	691.358
UNI	30/01/2023	691.375	695.745	636.114	642.575
UNI	31/01/2023	642.575	664.953	642.119	659.179
UNI	01/02/2023	659.179	691.388	631.893	682.661
UNI	02/02/2023	683.121	752.508	679.264	715.613
UNI	03/02/2023	708.583	729.387	692.399	705.736
UNI	04/02/2023	705.826	734.821	701.679	727.005
UNI	05/02/2023	726.698	733.856	675.519	690.443
UNI	06/02/2023	690.753	697.907	672.541	675.497
UNI	07/02/2023	675.597	698.419	659.373	697.989
UNI	08/02/2023	697.769	706.265	667.223	680.084
UNI	09/02/2023	680.318	68.647	616.164	624.696
UNI	10/02/2023	623.452	647.837	623.446	634.945
UNI	11/02/2023	63.491	650.145	632.087	648.995
UNI	12/02/2023	64.905	655.536	629.301	636.584
UNI	13/02/2023	636.594	638.165	60.913	620.225
UNI	14/02/2023	620.525	656.282	620.525	656.282
UNI	15/02/2023	656.442	693.954	650.033	692.735
UNI	16/02/2023	692.702	701.551	656.853	657.053
UNI	17/02/2023	657.844	68.249	644.341	670.987
UNI	18/02/2023	670.987	714.734	670.647	698.689
UNI	19/02/2023	698.802	760.654	695.874	723.386
UNI	20/02/2023	723.999	737.128	705.913	733.089
UNI	21/02/2023	733.369	743.898	689.271	699.866
UNI	22/02/2023	699.249	705.074	671.228	69.124
UNI	23/02/2023	69.122	705.201	681.745	691.653
UNI	24/02/2023	691.717	705.033	646.714	651.383
UNI	25/02/2023	651.453	66.228	627.914	644.015
UNI	26/02/2023	644.165	664.777	642.418	656.419
UNI	27/02/2023	656.753	664.647	637.505	642.379
UNI	28/02/2023	642.632	662.287	640.289	645.993
UNI	01/03/2023	646.009	686.651	645.449	682.029
UNI	02/03/2023	681.942	68.972	655.967	66.374
UNI	03/03/2023	663.733	6.649	610.025	623.967
UNI	04/03/2023	623.834	629.658	60.073	611.623
UNI	05/03/2023	611.359	637.958	610.323	63.649
UNI	06/03/2023	63.649	643.717	624.665	634.892
UNI	07/03/2023	634.637	648.164	626.376	636.148
UNI	08/03/2023	636.088	649.723	607.042	611.653
UNI	09/03/2023	612.033	618.918	560.631	568.351
UNI	10/03/2023	568.357	574.783	536.257	5.654
UNI	11/03/2023	565.224	585.744	526.344	545.194
UNI	12/03/2023	545.194	591.536	541.941	586.456
UNI	13/03/2023	587.052	625.051	581.272	613.227
UNI	14/03/2023	613.237	662.262	601.472	633.017
UNI	15/03/2023	633.369	646.098	57.486	590.088
UNI	16/03/2023	589.887	600.882	580.687	591.261
UNI	17/03/2023	591.361	638.742	584.478	635.916
UNI	18/03/2023	635.715	663.948	635.504	646.176
UNI	19/03/2023	645.852	672.652	64.274	656.303
UNI	20/03/2023	656.303	661.746	619.842	624.581
UNI	21/03/2023	624.521	652.955	606.339	640.156
UNI	22/03/2023	640.156	64.657	592.517	60.747
UNI	23/03/2023	60.745	645.664	60.308	62.329
UNI	24/03/2023	623.685	629.796	581.293	588.851
UNI	25/03/2023	588.773	591.553	568.209	570.653
UNI	26/03/2023	570.893	587.538	568.841	57.545
UNI	27/03/2023	575.542	582.477	551.199	559.663
UNI	28/03/2023	558.712	588.975	557.659	57.923
UNI	29/03/2023	579.236	603.071	57.855	596.573
UNI	30/03/2023	596.623	606.683	583.573	589.365
UNI	31/03/2023	589.569	612.994	585.556	607.491
UNI	01/04/2023	607.491	619.634	602.549	608.429
UNI	02/04/2023	608.335	612.157	58.929	593.944
UNI	03/04/2023	593.938	608.389	581.988	58.972
UNI	04/04/2023	589.836	620.744	588.285	617.625
UNI	05/04/2023	617.319	634.656	61.491	621.134
UNI	06/04/2023	62.132	624.206	605.566	609.223
UNI	07/04/2023	608.723	610.039	595.435	599.313
UNI	08/04/2023	599.313	60.535	589.672	592.381
UNI	09/04/2023	592.241	59.602	582.473	589.335
UNI	10/04/2023	593.461	603.014	583.548	599.475
UNI	11/04/2023	599.481	609.658	592.022	593.977
UNI	12/04/2023	593.957	600.598	572.699	594.704
UNI	13/04/2023	594.984	624.765	590.347	620.005
UNI	14/04/2023	620.055	647.291	612.516	629.002
UNI	15/04/2023	629.002	637.018	622.734	625.673
UNI	16/04/2023	625.673	647.601	61.463	634.511
UNI	17/04/2023	634.505	636.865	60.734	612.457
UNI	18/04/2023	612.451	637.338	60.423	631.757
UNI	19/04/2023	631.861	649.245	577.508	586.642
UNI	20/04/2023	586.993	596.166	565.848	576.336
UNI	21/04/2023	57.625	583.592	541.062	54.308
UNI	22/04/2023	54.317	555.132	540.541	548.139
UNI	23/04/2023	548.139	554.034	531.607	537.877
UNI	24/04/2023	537.817	551.611	529.801	534.091
UNI	25/04/2023	534.366	544.867	523.115	544.485
UNI	26/04/2023	545.315	568.014	513.573	53.154
UNI	27/04/2023	5.323	559.168	53.038	556.754
UNI	28/04/2023	556.384	558.663	545.268	552.225
UNI	29/04/2023	552.225	562.781	550.085	561.131
UNI	30/04/2023	561.241	567.333	543.991	547.362
UNI	01/05/2023	547.416	550.432	526.542	530.998
UNI	02/05/2023	531.138	536.126	524.615	532.885
UNI	03/05/2023	532.825	534.922	518.291	533.789
UNI	04/05/2023	533.944	539.919	521.492	523.168
UNI	05/05/2023	523.598	561.676	523.198	554.334
UNI	06/05/2023	55.441	560.872	526.531	531.052
UNI	07/05/2023	531.101	535.649	524.639	530.976
UNI	08/05/2023	533.652	533.652	480.011	493.965
UNI	09/05/2023	495.486	501.261	49.376	495.505
UNI	10/05/2023	495.505	514.001	486.224	507.197
UNI	11/05/2023	506.776	520.158	494.545	505.475
UNI	12/05/2023	505.415	518.805	490.786	518.605
UNI	13/05/2023	518.545	52.115	507.995	510.535
UNI	14/05/2023	510.595	518.971	507.764	512.217
UNI	15/05/2023	512.017	522.235	507.564	515.951
UNI	16/05/2023	515.571	516.902	504.043	513.847
UNI	17/05/2023	513.715	531.442	511.274	526.611
UNI	18/05/2023	526.511	542.863	521.148	531.913
UNI	19/05/2023	531.693	53.747	526.299	531.409
UNI	20/05/2023	531.165	533.006	524.792	528.816
UNI	21/05/2023	528.876	530.024	509.415	509.896
UNI	22/05/2023	509.555	514.028	505.423	507.614
UNI	23/05/2023	507.614	519.973	503.025	507.735
UNI	24/05/2023	50.774	508.796	4.873	49.728
UNI	25/05/2023	497.285	498.995	487.624	493.605
UNI	26/05/2023	493.687	50.183	492.875	49.951
UNI	27/05/2023	49.956	502.561	496.564	501.806
UNI	28/05/2023	501.806	510.405	50.141	508.227
UNI	29/05/2023	508.577	517.002	508.207	511.533
UNI	30/05/2023	511.638	520.304	509.348	515.601
UNI	31/05/2023	515.561	515.974	49.991	50.018
UNI	01/06/2023	49.999	505.206	495.499	50.145
UNI	02/06/2023	50.159	509.648	494.594	506.042
UNI	03/06/2023	506.142	510.769	504.521	507.613
UNI	04/06/2023	507.603	513.039	4.99	506.052
UNI	05/06/2023	506.052	506.757	454.824	470.661
UNI	06/06/2023	469.321	483.252	467.287	477.468
UNI	07/06/2023	476.783	479.454	449.842	45.215
UNI	08/06/2023	45.204	467.413	451.221	464.434
UNI	09/06/2023	464.324	466.906	453.525	460.233
UNI	10/06/2023	460.237	460.262	361.019	406.205
UNI	11/06/2023	406.165	411.555	402.403	407.537
UNI	12/06/2023	407.417	428.389	395.314	427.997
UNI	13/06/2023	427.497	451.895	421.412	426.725
UNI	14/06/2023	426.575	464.641	425.005	44.228
UNI	15/06/2023	44.245	459.384	422.461	447.059
UNI	16/06/2023	447.248	463.211	436.725	453.781
UNI	17/06/2023	453.651	467.601	450.734	4.525
UNI	18/06/2023	45.253	461.086	445.309	446.357
UNI	19/06/2023	446.617	449.455	436.661	446.272
UNI	20/06/2023	446.182	461.218	433.624	455.888
UNI	21/06/2023	456.088	481.871	452.615	474.444
UNI	22/06/2023	474.544	490.575	467.999	47.532
UNI	23/06/2023	47.503	492.708	470.814	485.091
UNI	24/06/2023	485.481	487.395	468.415	469.416
UNI	25/06/2023	469.556	549.765	469.511	53.137
UNI	26/06/2023	53.111	554.961	521.308	52.302
UNI	27/06/2023	52.292	536.284	520.909	527.995
UNI	28/06/2023	5.283	529.632	475.329	482.695
UNI	29/06/2023	482.625	503.944	482.051	490.841
UNI	30/06/2023	491.051	532.408	488.941	532.119
UNI	01/07/2023	532.234	5.606	517.439	554.394
UNI	02/07/2023	554.394	568.375	544.632	55.046
UNI	03/07/2023	549.949	577.965	549.016	554.339
UNI	04/07/2023	554.459	560.048	537.926	54.672
UNI	05/07/2023	546.809	572.611	531.909	539.991
UNI	06/07/2023	539.881	563.889	525.032	536.242
UNI	07/07/2023	536.242	557.183	522.246	551.255
UNI	08/07/2023	550.755	551.744	517.357	520.298
UNI	09/07/2023	520.293	533.375	518.762	520.884
UNI	10/07/2023	521.004	536.059	508.695	526.537
UNI	11/07/2023	527.135	530.595	518.726	52.042
UNI	12/07/2023	52.082	537.646	518.548	52.148
UNI	13/07/2023	52.148	58.003	520.539	566.527
UNI	14/07/2023	571.923	615.107	571.923	583.666
UNI	15/07/2023	583.576	593.482	577.056	578.383
UNI	16/07/2023	578.418	586.851	569.882	572.703
UNI	17/07/2023	572.669	614.283	567.282	58.789
UNI	18/07/2023	58.821	621.878	586.244	58.906
UNI	19/07/2023	58.911	604.925	581.049	592.504
UNI	20/07/2023	592.594	616.314	583.648	596.236
UNI	21/07/2023	594.284	638.456	594.284	619.152
UNI	22/07/2023	619.132	625.854	609.463	613.681
UNI	23/07/2023	613.758	622.478	595.373	612.398
UNI	24/07/2023	612.268	618.089	571.457	576.441
UNI	25/07/2023	576.321	58.124	569.396	578.949
UNI	26/07/2023	579.079	589.754	572.703	583.963
UNI	27/07/2023	583.963	59.775	579.945	585.612
UNI	28/07/2023	585.832	601.805	584.951	600.658
UNI	29/07/2023	600.658	63.282	599.972	631.014
UNI	30/07/2023	630.614	645.114	629.411	631.563
UNI	31/07/2023	633.889	662.231	632.489	652.859
UNI	01/08/2023	652.979	668.742	633.264	659.543
UNI	02/08/2023	659.543	668.875	612.608	617.668
UNI	03/08/2023	617.472	625.181	607.137	614.606
UNI	04/08/2023	614.506	621.399	60.034	606.785
UNI	05/08/2023	606.785	609.334	594.233	606.222
UNI	06/08/2023	607.162	617.722	594.281	597.712
UNI	07/08/2023	597.712	600.448	573.011	585.604
UNI	08/08/2023	585.724	614.375	581.237	609.619
UNI	09/08/2023	609.319	619.014	603.691	615.254
UNI	10/08/2023	615.254	633.052	614.644	618.534
UNI	11/08/2023	618.534	622.455	609.715	616.072
UNI	12/08/2023	616.132	624.936	611.392	615.825
UNI	13/08/2023	615.819	622.917	608.731	612.236
UNI	14/08/2023	612.156	636.275	605.038	627.318
UNI	15/08/2023	627.168	630.115	593.495	598.845
UNI	16/08/2023	59.898	599.284	530.442	5.351
UNI	17/08/2023	535.729	549.906	452.475	49.073
UNI	18/08/2023	489.851	505.104	48.076	492.744
UNI	19/08/2023	492.739	499.965	48.562	489.563
UNI	20/08/2023	489.563	493.601	485.867	490.675
UNI	21/08/2023	490.675	491.821	472.441	481.838
UNI	22/08/2023	481.838	482.947	450.168	456.625
UNI	23/08/2023	456.625	485.747	45.542	480.919
UNI	24/08/2023	47.483	481.533	459.611	463.434
UNI	25/08/2023	463.434	466.888	451.928	452.337
UNI	26/08/2023	452.377	46.342	45.187	463.065
UNI	27/08/2023	463.065	470.044	459.436	46.876
UNI	28/08/2023	468.755	473.156	456.299	466.482
UNI	29/08/2023	466.477	486.871	456.465	482.692
UNI	30/08/2023	482.627	484.701	463.569	464.945
UNI	31/08/2023	46.488	467.948	432.034	435.523
UNI	01/09/2023	435.303	442.331	423.553	426.193
UNI	02/09/2023	426.193	440.172	424.175	436.162
UNI	03/09/2023	436.562	447.026	435.931	441.171
UNI	04/09/2023	441.171	44.998	43.725	439.107
UNI	05/09/2023	439.067	445.203	427.235	436.266
UNI	06/09/2023	436.226	449.315	434.316	444.779
UNI	07/09/2023	445.388	451.229	440.767	447.891
UNI	08/09/2023	448.881	448.942	430.346	437.023
UNI	09/09/2023	436.869	437.447	430.252	43.325
UNI	10/09/2023	43.325	434.354	412.177	424.729
UNI	11/09/2023	424.113	425.354	403.251	40.714
UNI	12/09/2023	40.711	431.543	406.788	422.496
UNI	13/09/2023	422.582	43.107	41.818	425.679
UNI	14/09/2023	425.665	435.319	424.734	427.534
UNI	15/09/2023	427.714	431.831	422.812	430.307
UNI	16/09/2023	430.707	441.776	429.989	434.279
UNI	17/09/2023	434.279	43.935	423.536	424.872
UNI	18/09/2023	424.922	446.096	424.001	43.616
UNI	19/09/2023	43.616	447.093	434.162	438.891
UNI	20/09/2023	438.801	443.086	432.053	439.506
UNI	21/09/2023	439.376	439.598	421.254	422.603
UNI	22/09/2023	422.567	427.523	420.653	4.225
UNI	23/09/2023	4.226	429.067	4.226	42.661
UNI	24/09/2023	42.654	430.779	42.308	425.437
UNI	25/09/2023	425.417	430.399	420.049	425.959
UNI	26/09/2023	426.034	431.639	419.997	422.088
UNI	27/09/2023	422.088	441.895	419.927	421.028
UNI	28/09/2023	421.858	447.939	421.703	440.361
UNI	29/09/2023	440.367	450.045	432.458	439.132
UNI	30/09/2023	439.142	447.934	438.692	446.109
UNI	01/10/2023	444.159	459.835	443.094	45.337
UNI	02/10/2023	45.376	468.725	442.448	444.149
UNI	03/10/2023	444.149	452.103	433.847	436.376
UNI	04/10/2023	436.246	437.429	423.381	432.242
UNI	05/10/2023	432.237	434.241	425.854	428.356
UNI	06/10/2023	428.436	441.406	426.515	43.936
UNI	07/10/2023	442.061	44.264	434.238	435.708
UNI	08/10/2023	436.559	438.514	428.237	436.639
UNI	09/10/2023	436.764	436.863	404.941	412.913
UNI	10/10/2023	412.913	417.103	405.711	409.375
UNI	11/10/2023	409.471	415.067	405.017	407.802
UNI	12/10/2023	408.016	414.666	396.967	399.922
UNI	13/10/2023	399.878	409.274	397.619	40.698
UNI	14/10/2023	40.722	409.901	401.566	408.945
UNI	15/10/2023	408.905	414.762	406.618	413.887
UNI	16/10/2023	413.691	427.524	409.215	411.169
UNI	17/10/2023	411.098	414.244	383.585	387.173
UNI	18/10/2023	387.353	397.045	384.872	391.352
UNI	19/10/2023	391.342	394.495	386.988	392.523
UNI	20/10/2023	391.997	411.573	391.646	399.488
UNI	21/10/2023	399.534	41.591	396.266	414.233
UNI	22/10/2023	414.357	424.948	408.715	413.471
UNI	23/10/2023	413.471	435.142	411.727	426.602
UNI	24/10/2023	426.597	449.756	411.962	4.173
UNI	25/10/2023	4.172	433.803	412.801	415.025
UNI	26/10/2023	41.497	43.769	400.328	41.083
UNI	27/10/2023	409.014	41.444	396.029	400.518
UNI	28/10/2023	400.522	413.577	399.718	409.656
UNI	29/10/2023	40.959	421.317	405.453	421.277
UNI	30/10/2023	420.873	423.402	408.248	416.317
UNI	31/10/2023	416.307	425.126	400.686	414.244
UNI	01/11/2023	413.804	484.762	401.646	475.597
UNI	02/11/2023	474.467	492.487	450.683	469.181
UNI	03/11/2023	468.941	477.943	44.695	467.272
UNI	04/11/2023	467.262	478.877	460.793	47.436
UNI	05/11/2023	47.452	490.919	463.053	477.692
UNI	06/11/2023	477.672	514.129	466.754	514.054
UNI	07/11/2023	514.134	515.495	479.424	493.032
UNI	08/11/2023	493.037	525.547	48.959	520.004
UNI	09/11/2023	519.624	530.444	466.894	501.305
UNI	10/11/2023	501.045	537.556	496.749	527.124
UNI	11/11/2023	526.414	553.654	515.935	542.526
UNI	12/11/2023	54.198	552.342	526.685	546.819
UNI	13/11/2023	545.223	562.858	520.368	523.036
UNI	14/11/2023	523.036	530.743	493.144	506.576
UNI	15/11/2023	506.661	53.881	504.781	537.508
UNI	16/11/2023	537.463	558.651	510.651	524.458
UNI	17/11/2023	524.698	537.348	485.204	508.073
UNI	18/11/2023	508.113	516.717	481.522	504.497
UNI	19/11/2023	506.143	519.845	494.762	514.536
UNI	20/11/2023	513.616	535.776	510.799	516.066
UNI	21/11/2023	516.366	527.293	483.864	486.395
UNI	22/11/2023	486.275	629.565	484.089	610.683
UNI	23/11/2023	609.219	643.557	605.265	639.309
UNI	24/11/2023	639.109	660.199	608.817	618.298
UNI	25/11/2023	618.298	632.007	607.284	617.334
UNI	26/11/2023	617.154	621.509	583.243	614.373
UNI	27/11/2023	614.724	630.152	591.891	619.842
UNI	28/11/2023	619.932	656.733	607.602	612.345
UNI	29/11/2023	612.195	638.284	59.862	603.782
UNI	30/11/2023	603.788	604.789	585.006	592.605
UNI	01/12/2023	592.611	610.105	588.867	605.052
UNI	02/12/2023	605.066	6.2	600.694	611.741
UNI	03/12/2023	611.765	62.529	593.592	608.749
UNI	04/12/2023	608.679	630.133	589.681	59.984
UNI	05/12/2023	59.983	634.614	597.444	624.895
UNI	06/12/2023	625.105	629.336	594.845	597.656
UNI	07/12/2023	599.456	634.633	598.242	625.939
UNI	08/12/2023	625.793	650.428	623.158	647.834
UNI	09/12/2023	647.414	706.783	646.727	69.164
UNI	10/12/2023	69.201	69.416	643.443	66.078
UNI	11/12/2023	660.953	664.266	589.448	610.209
UNI	12/12/2023	610.203	633.509	606.387	616.712
UNI	13/12/2023	616.579	631.926	599.596	631.165
UNI	14/12/2023	631.575	64.741	610.733	630.381
UNI	15/12/2023	630.381	636.595	60.247	607.235
UNI	16/12/2023	607.205	62.391	593.564	616.636
UNI	17/12/2023	615.947	627.214	607.412	614.856
UNI	18/12/2023	615.056	616.653	559.641	592.082
UNI	19/12/2023	592.312	603.532	574.869	583.292
UNI	20/12/2023	583.292	610.837	579.128	590.134
UNI	21/12/2023	590.004	617.267	585.985	614.957
UNI	22/12/2023	614.707	648.873	612.312	642.337
UNI	23/12/2023	642.343	642.863	610.365	630.979
UNI	24/12/2023	630.869	717.617	629.752	690.225
UNI	25/12/2023	689.925	714.923	66.679	697.884
UNI	26/12/2023	697.576	778.972	66.355	733.687
UNI	27/12/2023	733.627	743.543	698.256	723.778
UNI	28/12/2023	723.708	824.915	722.574	798.393
UNI	29/12/2023	797.993	800.034	737.537	746.689
UNI	30/12/2023	746.409	780.891	732.259	734.988
UNI	31/12/2023	735.968	769.032	714.349	726.368
UNI	01/01/2024	725.149	764.333	713.873	756.891
UNI	02/01/2024	756.691	77.247	715.435	720.754
UNI	03/01/2024	720.804	736.351	588.483	640.897
UNI	04/01/2024	64.099	67.193	636.378	655.169
UNI	05/01/2024	655.092	664.177	617.088	632.039
UNI	06/01/2024	631.799	644.327	602.238	632.299
UNI	07/01/2024	631.729	644.915	597.792	602.005
UNI	08/01/2024	601.104	623.444	566.606	622.744
UNI	09/01/2024	622.864	628.262	57.062	593.164
UNI	10/01/2024	593.164	665.957	590.819	660.545
UNI	11/01/2024	660.592	697.648	651.382	67.083
UNI	12/01/2024	67.131	697.197	63.091	644.255
UNI	13/01/2024	657.886	669.739	639.673	66.624
UNI	14/01/2024	6.663	669.013	635.568	641.612
UNI	15/01/2024	641.572	6.729	63.024	664.608
UNI	16/01/2024	664.428	692.254	663.779	6.877
UNI	17/01/2024	68.776	689.254	66.567	670.149
UNI	18/01/2024	670.509	68.358	622.511	6.331
UNI	19/01/2024	63.348	637.062	603.504	633.043
UNI	20/01/2024	633.239	660.597	628.768	649.157
UNI	21/01/2024	649.047	652.141	639.747	6.441
UNI	22/01/2024	643.714	643.714	596.529	602.764
UNI	23/01/2024	602.764	612.415	553.368	575.993
UNI	24/01/2024	575.697	590.504	571.932	583.506
UNI	25/01/2024	583.506	587.881	5.631	57.289
UNI	26/01/2024	57.289	596.251	569.804	592.666
UNI	27/01/2024	592.751	599.462	584.602	598.504
UNI	28/01/2024	59.851	607.705	587.996	590.815
UNI	29/01/2024	590.621	61.401	58.755	61.341
UNI	30/01/2024	613.256	633.868	610.408	630.607
UNI	31/01/2024	630.474	633.174	592.912	599.054
UNI	01/02/2024	599.054	608.526	587.962	604.335
UNI	02/02/2024	604.341	625.626	602.697	611.796
UNI	03/02/2024	611.796	628.087	605.616	610.882
UNI	04/02/2024	610.932	612.746	595.646	597.233
UNI	05/02/2024	595.279	609.202	590.988	59.432
UNI	06/02/2024	59.461	643.383	59.461	629.898
UNI	07/02/2024	629.905	647.308	621.712	639.552
UNI	08/02/2024	639.786	643.135	630.704	632.403
UNI	09/02/2024	632.336	668.874	631.015	668.768
UNI	10/02/2024	668.774	675.024	653.864	662.442
UNI	11/02/2024	662.435	682.924	655.629	672.175
UNI	12/02/2024	673.115	685.932	647.949	685.762
UNI	13/02/2024	685.755	687.914	657.159	668.301
UNI	14/02/2024	668.467	690.488	664.071	686.578
UNI	15/02/2024	686.575	75.042	685.015	746.689
UNI	16/02/2024	744.487	768.145	733.748	74.141
UNI	17/02/2024	74.123	770.116	737.304	758.487
UNI	18/02/2024	763.637	773.985	756.566	771.985
UNI	19/02/2024	772.093	778.578	751.698	774.776
UNI	20/02/2024	774.778	776.806	724.602	756.181
UNI	21/02/2024	756.771	7.602	708.046	73.344
UNI	22/02/2024	73.353	751.737	72.714	739.733
UNI	23/02/2024	739.783	124.944	704.205	110.864
UNI	24/02/2024	110.915	128.388	10.925	11.194
UNI	25/02/2024	111.999	116.222	10.113	10.931
UNI	26/02/2024	109.255	114.874	103.881	105.689
UNI	27/02/2024	105.779	112.049	10.446	107.552
UNI	28/02/2024	107.537	112.656	98.151	107.838
UNI	29/02/2024	108.069	119.157	10.74	109.925
UNI	01/03/2024	109.935	12.041	108.224	115.849
UNI	02/03/2024	115.689	135.024	113.337	125.153
UNI	03/03/2024	125.675	13.245	114.762	127.138
UNI	04/03/2024	127.022	130.821	120.867	124.228
UNI	05/03/2024	124.246	140.626	112.924	127.146
UNI	06/03/2024	127.225	169.341	12.573	155.425
UNI	07/03/2024	155.138	155.952	146.446	147.996
UNI	08/03/2024	148.029	154.589	142.235	14.633
UNI	09/03/2024	14.633	150.401	139.442	142.169
UNI	10/03/2024	142.198	144.306	135.608	137.187
UNI	11/03/2024	13.733	145.303	135.323	14.528
UNI	12/03/2024	145.214	146.412	133.449	139.815
UNI	13/03/2024	139.893	14.745	137.608	142.038
UNI	14/03/2024	14.23	144.683	134.596	139.414
UNI	15/03/2024	139.397	140.931	12.473	13.021
UNI	16/03/2024	13.028	131.576	119.362	120.517
UNI	17/03/2024	12.061	126.544	113.702	12.531
UNI	18/03/2024	125.141	126.034	115.693	118.205
UNI	19/03/2024	118.052	120.391	103.832	106.236
UNI	20/03/2024	106.966	119.288	103.132	119.191
UNI	21/03/2024	119.259	122.482	11.555	120.312
UNI	22/03/2024	120.343	122.467	113.356	115.435
UNI	23/03/2024	115.275	12.02	115.252	117.825
UNI	24/03/2024	117.846	120.647	115.736	120.204
UNI	25/03/2024	120.222	128.186	119.207	124.907
UNI	26/03/2024	124.948	128.932	123.752	126.879
UNI	27/03/2024	127.094	127.778	120.965	123.207
UNI	28/03/2024	123.203	128.799	121.098	127.785
UNI	29/03/2024	127.769	131.308	124.487	125.862
UNI	30/03/2024	126.521	129.174	125.105	126.247
UNI	31/03/2024	126.261	133.387	125.643	129.403
UNI	01/04/2024	129.467	129.953	120.402	123.858
UNI	02/04/2024	123.926	124.684	111.908	112.984
UNI	03/04/2024	113.065	114.588	106.572	108.552
UNI	04/04/2024	108.581	11.276	107.097	108.666
UNI	05/04/2024	108.676	11.068	104.407	109.849
UNI	06/04/2024	109.274	112.643	108.948	111.931
UNI	07/04/2024	111.954	114.866	111.685	11.28
UNI	08/04/2024	11.285	11.804	11.223	116.872
UNI	09/04/2024	116.721	117.303	110.319	111.925
UNI	10/04/2024	11.181	113.117	980.901	9.923
UNI	11/04/2024	99.262	101.707	871.811	903.983
UNI	12/04/2024	903.852	921.051	688.247	793.668
UNI	13/04/2024	79.352	802.617	675.283	680.911
UNI	14/04/2024	648.405	733.985	635.664	714.854
UNI	15/04/2024	711.823	793.776	702.191	722.113
UNI	16/04/2024	731.764	734.867	677.035	725.925
UNI	17/04/2024	725.925	726.215	663.173	694.964
UNI	18/04/2024	694.964	732.746	6.732	727.358
UNI	19/04/2024	727.878	769.709	671.844	756.805
UNI	20/04/2024	75.652	791.707	735.942	788.106
UNI	21/04/2024	788.206	795.472	754.788	771.961
UNI	22/04/2024	771.801	819.733	769.793	815.516
UNI	23/04/2024	814.886	836.071	792.373	799.116
UNI	24/04/2024	799.124	821.645	766.942	776.205
UNI	25/04/2024	776.205	811.751	756.606	796.668
UNI	26/04/2024	796.908	797.869	753.178	77.503
UNI	27/04/2024	775.052	806.557	745.057	793.315
UNI	28/04/2024	793.365	822.341	789.372	79.939
UNI	29/04/2024	79.939	80.081	749.635	75.833
UNI	30/04/2024	75.833	780.389	679.246	699.123
UNI	01/05/2024	699.123	714.523	653.281	697.193
UNI	02/05/2024	697.412	721.246	684.108	714.036
UNI	03/05/2024	714.029	755.795	694.995	755.167
UNI	04/05/2024	755.347	771.139	747.795	753.815
UNI	05/05/2024	753.898	76.172	735.556	753.913
UNI	06/05/2024	75.352	79.473	744.081	757.865
UNI	07/05/2024	757.748	767.869	73.791	749.878
UNI	08/05/2024	749.678	752.804	720.936	730.334
UNI	09/05/2024	730.034	746.656	717.066	745.021
UNI	10/05/2024	744.848	756.364	702.255	707.748
UNI	11/05/2024	707.738	720.144	701.431	707.264
UNI	12/05/2024	706.205	721.391	698.716	703.227
UNI	13/05/2024	703.637	72.065	683.625	700.693
UNI	14/05/2024	700.963	702.783	676.246	683.014
UNI	15/05/2024	682.894	744.443	673.436	738.903
UNI	16/05/2024	738.295	742.923	705.665	726.705
UNI	17/05/2024	726.705	760.482	722.298	753.734
UNI	18/05/2024	753.596	822.483	744.879	790.534
UNI	19/05/2024	790.604	797.142	757.922	762.307
UNI	20/05/2024	762.314	95.068	7.621	945.279
UNI	21/05/2024	943.929	962.182	908.405	951.772
UNI	22/05/2024	950.773	969.009	902.082	938.146
UNI	23/05/2024	938.276	986.057	877.097	916.393
UNI	24/05/2024	916.942	105.328	89.503	100.187
UNI	25/05/2024	100.097	114.534	99.998	11.185
UNI	26/05/2024	111.809	117.806	110.689	112.828
UNI	27/05/2024	112.996	113.633	109.109	111.438
UNI	28/05/2024	111.406	111.645	105.985	110.514
UNI	29/05/2024	110.594	114.996	104.506	106.033
UNI	30/05/2024	105.922	112.051	103.845	107.153
UNI	31/05/2024	107.153	111.152	101.308	10.142
UNI	01/06/2024	10.142	10.142	985.322	991.307
UNI	02/06/2024	991.296	994.884	936.139	94.278
UNI	03/06/2024	94.262	983.294	928.772	954.638
UNI	04/06/2024	955.028	119.492	940.438	11.553
UNI	05/06/2024	115.382	116.011	108.735	11.176
UNI	06/06/2024	111.731	112.611	104.345	106.016
UNI	07/06/2024	105.905	107.445	919.404	980.328
UNI	08/06/2024	980.247	101.989	975.539	994.641
UNI	09/06/2024	994.721	100.792	975.822	981.963
UNI	10/06/2024	982.208	106.752	961.091	103.551
UNI	11/06/2024	103.561	103.949	875.514	902.191
UNI	12/06/2024	902.101	103.346	878.202	99.887
UNI	13/06/2024	99.848	101.834	964.036	100.511
UNI	14/06/2024	100.501	109.893	100.131	105.386
UNI	15/06/2024	105.356	118.519	103.357	114.485
UNI	16/06/2024	114.515	116.641	112.566	115.486
UNI	17/06/2024	115.457	120.038	105.637	107.767
UNI	18/06/2024	107.411	108.221	924.038	975.273
UNI	19/06/2024	976.173	104.591	959.122	100.849
UNI	20/06/2024	100.835	102.936	963.594	100.884
UNI	21/06/2024	100.867	103.095	970.266	981.131
UNI	22/06/2024	980.901	100.809	960.849	986.715
UNI	23/06/2024	986.995	100.885	976.885	989.327
UNI	24/06/2024	989.807	989.807	875.956	90.298
UNI	25/06/2024	90.296	956.461	902.652	948.339
UNI	26/06/2024	948.319	965.071	917.605	945.772
UNI	27/06/2024	945.772	963.606	917.528	948.248
UNI	28/06/2024	948.248	962.169	891.874	90.281
UNI	29/06/2024	902.431	910.888	883.521	888.168
UNI	30/06/2024	888.108	922.757	875.734	916.049
UNI	01/07/2024	914.212	951.477	912.174	927.789
UNI	02/07/2024	927.979	927.979	880.906	893.957
UNI	03/07/2024	894.086	904.951	839.738	851.783
UNI	04/07/2024	851.873	857.446	7.766	795.124
UNI	05/07/2024	795.384	799.974	6.793	776.022
UNI	06/07/2024	779.592	823.462	766.822	820.755
UNI	07/07/2024	820.746	826.088	766.253	775.985
UNI	08/07/2024	777.112	830.112	732.681	800.748
UNI	09/07/2024	800.258	82.763	797.824	814.064
UNI	10/07/2024	814.064	833.778	799.306	802.066
UNI	11/07/2024	802.306	817.646	77.646	784.916
UNI	12/07/2024	784.984	826.293	769.407	808.322
UNI	13/07/2024	805.403	829.394	804.923	809.858
UNI	14/07/2024	810.113	84.359	808.245	83.778
UNI	15/07/2024	83.743	856.154	828.393	849.795
UNI	16/07/2024	849.795	866.096	787.498	814.874
UNI	17/07/2024	814.744	841.848	787.537	800.502
UNI	18/07/2024	800.602	805.006	756.509	781.074
UNI	19/07/2024	781.074	803.109	767.261	795.014
UNI	20/07/2024	795.972	804.996	782.014	797.965
UNI	21/07/2024	797.993	811.624	764.185	80.853
UNI	22/07/2024	80.804	818.484	782.912	790.577
UNI	23/07/2024	790.407	80.087	755.718	773.233
UNI	24/07/2024	772.773	777.193	733.689	741.407
UNI	25/07/2024	741.007	745.386	703.671	727.649
UNI	26/07/2024	727.721	76.854	725.351	76.487
UNI	27/07/2024	76.613	789.654	754.895	766.397
UNI	28/07/2024	771.607	77.823	746.063	752.862
UNI	29/07/2024	753.095	790.504	748.255	768.365
UNI	30/07/2024	768.568	776.137	728.941	736.419
UNI	31/07/2024	737.007	74.806	713.716	718.277
UNI	01/08/2024	718.401	72.624	68.676	713.774
UNI	02/08/2024	713.774	723.801	651.372	663.466
UNI	03/08/2024	663.486	677.941	640.867	656.886
UNI	04/08/2024	656.226	667.852	598.735	625.069
UNI	05/08/2024	626.868	630.921	470.596	534.261
UNI	06/08/2024	533.751	589.619	533.751	580.971
UNI	07/08/2024	582.571	601.591	55.355	564.576
UNI	08/08/2024	565.107	617.335	555.906	614.634
UNI	09/08/2024	617.325	632.157	596.735	61.164
UNI	10/08/2024	611.329	624.666	608.417	621.568
UNI	11/08/2024	621.058	64.004	590.315	594.159
UNI	12/08/2024	594.399	631.164	586.258	611.617
UNI	13/08/2024	611.617	638.469	608.166	637.336
UNI	14/08/2024	637.727	650.794	622.949	637.601
UNI	15/08/2024	637.517	645.473	607.911	614.961
UNI	16/08/2024	614.967	662.268	614.961	653.343
UNI	17/08/2024	652.937	655.207	633.601	638.007
UNI	18/08/2024	637.807	644.302	616.555	621.374
UNI	19/08/2024	621.274	625.844	603.247	617.596
UNI	20/08/2024	617.686	647.664	611.842	624.226
UNI	21/08/2024	624.246	722.095	623.116	71.449
UNI	22/08/2024	715.017	720.304	687.964	691.765
UNI	23/08/2024	691.805	709.697	680.517	709.217
UNI	24/08/2024	70.915	712.491	684.299	684.299
UNI	25/08/2024	683.199	693.511	661.398	670.895
UNI	26/08/2024	670.565	673.276	624.975	628.963
UNI	27/08/2024	629.523	635.026	57.155	58.125
UNI	28/08/2024	581.066	591.497	559.189	577.922
UNI	29/08/2024	577.802	600.688	570.201	580.314
UNI	30/08/2024	580.444	590.288	559.083	585.424
UNI	31/08/2024	585.268	609.207	584.751	594.261
UNI	01/09/2024	59.551	596.237	564.865	572.547
UNI	02/09/2024	572.053	62.092	554.956	614.955
UNI	03/09/2024	614.945	630.287	603.477	615.272
UNI	04/09/2024	613.327	664.653	579.194	646.999
UNI	05/09/2024	647.409	652.895	616.775	626.324
UNI	06/09/2024	626.425	633.321	588.144	605.085
UNI	07/09/2024	605.215	651.268	603.191	641.286
UNI	08/09/2024	641.286	650.483	624.354	631.887
UNI	09/09/2024	631.903	673.109	628.998	66.896
UNI	10/09/2024	670.551	682.699	650.234	671.913
UNI	11/09/2024	671.829	698.119	654.705	684.902
UNI	12/09/2024	684.902	694.129	661.434	678.486
UNI	13/09/2024	678.316	709.053	66.832	692.887
UNI	14/09/2024	692.017	694.356	659.988	66.483
UNI	15/09/2024	664.626	684.489	657.102	661.667
UNI	16/09/2024	661.667	661.885	630.496	639.279
UNI	17/09/2024	636.266	713.351	633.687	683.301
UNI	18/09/2024	683.528	683.722	63.965	6.577
UNI	19/09/2024	65.756	690.608	65.746	679.135
UNI	20/09/2024	679.135	697.888	668.334	677.601
UNI	21/09/2024	677.431	690.431	66.814	686.909
UNI	22/09/2024	687.109	692.762	656.727	65.855
UNI	23/09/2024	656.994	692.905	648.382	686.936
UNI	24/09/2024	686.226	703.172	674.412	690.835
UNI	25/09/2024	690.329	703.128	681.071	686.163
UNI	26/09/2024	686.243	737.204	667.366	734.333
UNI	27/09/2024	734.273	770.119	728.904	756.586
UNI	28/09/2024	755.066	786.574	738.836	755.713
UNI	29/09/2024	755.819	762.623	735.523	748.261
UNI	30/09/2024	74.809	774.223	727.843	751.729
UNI	01/10/2024	751.489	785.568	67.787	696.159
UNI	02/10/2024	696.449	729.367	662.304	670.136
UNI	03/10/2024	670.079	679.714	638.767	654.261
UNI	04/10/2024	654.261	681.337	652.762	672.803
UNI	05/10/2024	672.623	689.342	66.394	680.858
UNI	06/10/2024	68.096	700.638	677.359	695.152
UNI	07/10/2024	694.189	746.513	691.729	73.312
UNI	08/10/2024	73.264	736.689	699.261	719.831
UNI	09/10/2024	719.894	738.188	705.854	713.512
UNI	10/10/2024	713.911	846.389	711.379	812.442
UNI	11/10/2024	813.091	822.762	78.299	793.629
UNI	12/10/2024	793.707	827.333	77.492	824.293
UNI	13/10/2024	827.113	830.211	756.086	767.055
UNI	14/10/2024	767.317	830.588	758.588	81.243
UNI	15/10/2024	81.214	829.836	768.296	781.974
UNI	16/10/2024	780.235	800.838	755.438	7.612
UNI	17/10/2024	76.171	766.217	719.313	735.495
UNI	18/10/2024	735.495	750.842	732.862	738.864
UNI	19/10/2024	738.654	75.937	731.082	733.471
UNI	20/10/2024	736.171	776.274	728.042	768.286
UNI	21/10/2024	768.681	783.299	743.733	781.422
UNI	22/10/2024	782.111	860.379	769.637	805.749
UNI	23/10/2024	805.989	810.794	748.154	768.634
UNI	24/10/2024	768.694	82.014	768.694	804.279
UNI	25/10/2024	804.279	81.887	770.343	777.169
UNI	26/10/2024	777.169	786.023	720.467	737.473
UNI	27/10/2024	737.473	779.488	736.353	754.328
UNI	28/10/2024	754.601	776.804	729.544	773.898
UNI	29/10/2024	773.988	80.058	773.368	795.915
UNI	30/10/2024	795.853	831.889	783.326	816.928
UNI	31/10/2024	817.008	822.015	748.398	764.677
UNI	01/11/2024	764.367	803.784	750.704	755.249
UNI	02/11/2024	755.368	776.197	731.031	733.927
UNI	03/11/2024	734.234	742.625	683.521	707.264
UNI	04/11/2024	707.177	713.123	661.773	675.133
UNI	05/11/2024	67.517	726.559	674.075	713.074
UNI	06/11/2024	713.044	96.728	712.754	961.186
UNI	07/11/2024	95.758	958.641	882.203	888.404
UNI	08/11/2024	888.024	904.258	85.287	874.988
UNI	09/11/2024	874.848	93.188	867.622	93.188
UNI	10/11/2024	931.059	962.937	869.727	921.516
UNI	11/11/2024	923.097	940.807	877.525	908.414
UNI	12/11/2024	916.542	107.499	864.672	910.672
UNI	13/11/2024	912.183	916.353	825.832	859.274
UNI	14/11/2024	859.665	88.388	813.516	83.627
UNI	15/11/2024	83.237	858.265	786.299	852.336
UNI	16/11/2024	852.396	925.127	851.064	91.279
UNI	17/11/2024	911.339	934.707	85.828	864.245
UNI	18/11/2024	862.846	939.695	858.924	921.709
UNI	19/11/2024	921.609	963.645	905.054	925.655
UNI	20/11/2024	925.754	943.061	858.413	881.128
UNI	21/11/2024	881.218	967.772	852.312	927.051
UNI	22/11/2024	927.491	974.667	914.316	946.764
UNI	23/11/2024	946.754	113.434	946.254	107.266
UNI	24/11/2024	107.266	112.597	101.241	108.759
UNI	25/11/2024	108.782	124.137	105.396	113.352
UNI	26/11/2024	111.262	117.815	104.956	108.139
UNI	27/11/2024	10.817	137.765	107.168	137.663
UNI	28/11/2024	137.829	13.803	123.939	128.434
UNI	29/11/2024	128.757	129.797	12.313	126.682
UNI	30/11/2024	126.664	132.633	125.192	127.743
UNI	01/12/2024	127.829	133.161	126.079	131.289
UNI	02/12/2024	131.236	145.475	124.342	137.306
UNI	03/12/2024	137.305	148.933	133.698	148.932
UNI	04/12/2024	149.013	16.519	147.115	157.557
UNI	05/12/2024	157.497	159.402	146.553	150.659
UNI	06/12/2024	15.083	18.452	148.327	175.408
UNI	07/12/2024	17.537	186.348	172.365	178.515
UNI	08/12/2024	178.578	194.697	175.322	185.212
UNI	09/12/2024	185.315	189.648	139.822	155.773
UNI	27/01/2025	11.711	117.142	102.744	109.202
UNI	28/01/2025	109.302	113.477	10.803	111.298
UNI	29/01/2025	111.397	120.817	110.249	118.234
UNI	30/01/2025	118.246	122.866	116.385	12.023
UNI	31/01/2025	120.221	128.287	116.552	117.165
UNI	01/02/2025	117.794	119.209	109.172	109.604
UNI	02/02/2025	109.643	111.091	870.664	913.746
UNI	03/02/2025	913.955	102.239	689.253	101.321
UNI	04/02/2025	101.022	101.121	877.722	893.458
UNI	05/02/2025	893.648	952.953	893.648	917.463
UNI	06/02/2025	916.093	947.057	891.193	903.543
UNI	07/02/2025	903.543	950.791	874.581	883.797
UNI	08/02/2025	884.447	918.509	873.033	910.963
UNI	09/02/2025	911.173	931.729	871.007	907.189
UNI	10/02/2025	906.229	959.834	888.098	952.162
UNI	11/02/2025	950.772	10.045	924.563	933.617
UNI	12/02/2025	934.678	101.282	9.09	99.946
UNI	13/02/2025	99.978	10.08	948.426	97.947
UNI	14/02/2025	97.983	103.515	979.568	100.011
UNI	15/02/2025	100.025	101.479	971.897	977.278
UNI	16/02/2025	976.758	99.438	957.367	964.996
UNI	17/02/2025	965.107	102.429	946.005	983.339
UNI	18/02/2025	98.386	9.945	914.308	945.403
UNI	19/02/2025	945.073	97.274	937.779	945.218
UNI	20/02/2025	945.888	956.034	897.079	93.066
UNI	21/02/2025	93.041	96.415	859.005	871.413
UNI	22/02/2025	871.113	906.217	866.465	904.502
UNI	23/02/2025	914.166	920.954	892.092	895.511
UNI	24/02/2025	90.192	912.465	781.494	786.883
UNI	25/02/2025	785.931	855.024	744.276	834.686
UNI	26/02/2025	839.207	848.395	764.039	796.753
UNI	27/02/2025	795.686	828.804	770.835	781.534
UNI	28/02/2025	782.972	788.365	70.442	74.304
UNI	01/03/2025	74.304	765.757	720.062	752.009
UNI	02/03/2025	752.478	831.736	731.401	829.372
UNI	03/03/2025	829.372	832.254	705.466	724.115
UNI	04/03/2025	724.115	724.288	64.904	704.692
UNI	05/03/2025	704.575	754.029	700.279	74.843
UNI	06/03/2025	747.936	769.255	704.854	713.933
UNI	07/03/2025	713.833	73.582	68.226	710.744
UNI	08/03/2025	709.755	722.079	689.375	716.553
UNI	09/03/2025	716.466	721.055	632.634	638.331
UNI	10/03/2025	638.267	694.313	579.244	594.434
UNI	11/03/2025	594.374	6.236	551.963	616.484
UNI	12/03/2025	616.314	619.189	577.215	590.128
UNI	13/03/2025	589.558	605.616	569.196	592.272
UNI	14/03/2025	592.671	61.416	583.357	610.356
UNI	15/03/2025	610.316	632.196	599.662	628.937
UNI	16/03/2025	629.427	630.473	59.752	611.707
UNI	17/03/2025	611.137	638.748	605.008	634.006
UNI	18/03/2025	633.796	635.959	609.364	631.204
UNI	19/03/2025	630.898	727.467	630.671	696.021
UNI	20/03/2025	69.626	705.382	664.124	68.651
UNI	21/03/2025	686.394	692.483	671.334	677.833
UNI	22/03/2025	677.833	692.324	672.391	677.467
UNI	23/03/2025	677.917	682.855	661.362	662.931
UNI	24/03/2025	662.771	715.917	658.628	706.889
UNI	25/03/2025	70.708	713.358	692.658	695.495
UNI	26/03/2025	69.517	713.003	665.927	66.962
UNI	27/03/2025	668.843	690.874	664.833	676.072
UNI	28/03/2025	676.105	683.892	605.462	612.994
UNI	29/03/2025	613.043	625.262	586.139	588.738
UNI	30/03/2025	588.538	605.806	58.595	591.835
UNI	31/03/2025	590.826	605.268	573.763	5.996
UNI	01/04/2025	59.941	633.623	594.653	633.423
UNI	02/04/2025	633.287	643.481	60.125	609.164
UNI	03/04/2025	609.884	611.722	565.067	581.911
UNI	04/04/2025	582.601	603.007	565.522	595.402
UNI	05/04/2025	595.618	597.141	576.377	57.966
UNI	06/04/2025	580.518	589.745	504.138	509.054
UNI	07/04/2025	507.935	53.433	460.711	517.691
UNI	08/04/2025	517.412	529.833	475.574	482.131
UNI	09/04/2025	482.074	548.136	45.577	546.251
UNI	10/04/2025	546.096	549.281	48.475	502.404
UNI	11/04/2025	502.968	532.127	498.985	526.234
UNI	12/04/2025	526.282	557.671	514.754	553.129
UNI	13/04/2025	553.768	555.029	526.085	535.143
UNI	14/04/2025	53.441	564.606	527.802	535.901
UNI	15/04/2025	535.767	545.385	519.664	525.175
UNI	16/04/2025	525.045	52.608	5.025	519.698
UNI	17/04/2025	519.756	529.887	509.299	519.942
UNI	18/04/2025	519.966	524.068	512.799	520.992
UNI	19/04/2025	520.942	534.387	5.163	53.394
UNI	20/04/2025	53.404	53.594	51.529	527.954
UNI	21/04/2025	527.944	550.515	521.152	528.253
UNI	22/04/2025	527.203	582.472	518.352	578.877
UNI	23/04/2025	577.966	608.711	575.417	5.992
UNI	24/04/2025	59.927	610.155	56.455	578.123
UNI	25/04/2025	578.123	598.489	571.997	582.758
UNI	26/04/2025	582.679	603.251	574.665	579.478
UNI	27/04/2025	578.808	59.991	55.115	558.616
UNI	28/04/2025	558.616	564.576	533.303	543.306
UNI	29/04/2025	543.486	554.646	520.788	525.677
UNI	30/04/2025	525.877	539.446	507.481	532.144
UNI	01/05/2025	532.034	543.149	523.788	537.286
UNI	02/05/2025	537.216	53.839	519.174	520.188
UNI	03/05/2025	520.218	5.266	50.319	51.574
UNI	04/05/2025	51.574	51.596	50.081	509.458
UNI	05/05/2025	509.558	511.254	488.964	497.451
UNI	06/05/2025	497.631	502.388	47.406	481.902
UNI	07/05/2025	482.442	504.968	474.465	484.812
UNI	08/05/2025	484.832	596.171	483.702	581.837
UNI	09/05/2025	581.817	669.506	581.817	631.461
UNI	10/05/2025	63.157	70.419	628.052	69.639
UNI	11/05/2025	6.961	757.154	671.916	696.021
UNI	12/05/2025	695.501	73.396	660.768	687.334
UNI	13/05/2025	687.644	735.486	652.499	71.296
UNI	14/05/2025	71.374	71.706	653.905	659.712
UNI	15/05/2025	659.872	67.814	613.561	62.265
UNI	16/05/2025	62.265	64.655	611.429	619.378
UNI	17/05/2025	61.878	61.878	569.837	574.433
UNI	18/05/2025	574.493	632.713	564.584	587.359
UNI	19/05/2025	586.579	61.735	56.602	59.725
UNI	20/05/2025	5.965	611.711	569.764	59.736
UNI	21/05/2025	59.805	65.077	587.768	610.533
UNI	22/05/2025	610.533	658.762	609.182	632.403
UNI	23/05/2025	631.603	679.108	59.856	608.638
UNI	24/05/2025	608.278	631.486	593.917	617.112
UNI	25/05/2025	616.112	617.912	589.919	60.131
UNI	26/05/2025	60.159	665.872	60.043	64.752
UNI	27/05/2025	64.792	677.738	625.962	645.615
UNI	28/05/2025	645.579	669.794	645.579	669.794
UNI	29/05/2025	669.194	764.159	660.004	669.026
UNI	30/05/2025	668.926	669.996	624.558	640.858
UNI	31/05/2025	640.858	642.557	59.055	616.673
UNI	01/06/2025	616.613	631.113	588.496	626.183
UNI	02/06/2025	626.133	638.678	603.951	634.313
UNI	03/06/2025	634.213	702.781	628.601	6.605
UNI	04/06/2025	662.021	684.902	626.563	636.478
UNI	05/06/2025	636.468	647.348	58.048	593.728
UNI	06/06/2025	593.747	616.166	582.968	604.012
UNI	07/06/2025	603.912	638.887	596.968	635.795
UNI	08/06/2025	635.094	645.827	621.175	642.535
UNI	09/06/2025	643.056	677.844	620.992	676.295
UNI	10/06/2025	676.833	839.573	676.065	837.899
UNI	11/06/2025	838.463	86.703	797.349	79.943
UNI	12/06/2025	80.023	823.832	758.809	766.063
UNI	13/06/2025	766.113	768.137	67.937	747.188
UNI	14/06/2025	75.018	777.781	711.941	725.863
UNI	15/06/2025	725.835	748.234	69.689	703.732
UNI	16/06/2025	703.732	79.733	702.641	77.999
UNI	17/06/2025	780.468	78.708	702.606	740.288
UNI	18/06/2025	740.084	779.526	713.531	760.298
UNI	19/06/2025	760.278	795.406	746.772	757.284
UNI	20/06/2025	757.524	798.449	70.148	707.319
UNI	21/06/2025	706.169	713.858	666.536	673.595
UNI	22/06/2025	672.332	682.551	592.987	610.316
UNI	23/06/2025	60.895	679.061	603.522	665.202
UNI	24/06/2025	666.049	716.958	666.049	705.435
UNI	25/06/2025	706.807	736.823	687.684	700.139
UNI	26/06/2025	699.429	732.589	675.267	680.436
UNI	27/06/2025	682.107	69.999	678.282	692.945
UNI	28/06/2025	692.144	717.842	683.897	71.476
UNI	29/06/2025	714.801	730.171	69.591	721.094
UNI	30/06/2025	72.406	75.062	705.052	716.246
UNI	01/07/2025	715.826	718.527	683.402	689.084
UNI	02/07/2025	689.475	755.902	650.425	755.177
UNI	03/07/2025	755.377	786.314	728.564	762.834
UNI	04/07/2025	762.133	764.235	677.903	691.038
UNI	05/07/2025	691.007	705.111	681.836	702.911
UNI	06/07/2025	702.511	754.502	70.083	7.507
UNI	07/07/2025	7.514	757.627	723.389	730.865
UNI	08/07/2025	731.192	7.816	728.518	762.776
UNI	09/07/2025	762.876	845.385	753.875	836.867
UNI	10/07/2025	837.367	861.758	80.122	854.256
UNI	11/07/2025	853.756	903.952	830.566	873.362
UNI	12/07/2025	875.062	886.866	817.408	829.649
UNI	13/07/2025	837.876	874.762	835.067	849.124
UNI	14/07/2025	85.014	966.987	841.521	9.155
UNI	15/07/2025	908.691	9.306	869.287	9.147
UNI	16/07/2025	9.15	953.491	877.188	918.267
UNI	17/07/2025	91.996	922.269	864.632	883.341
UNI	18/07/2025	886.743	110.066	885.031	10.157
UNI	19/07/2025	10.153	103.841	979.892	10.084
UNI	20/07/2025	100.373	108.965	10.033	107.052
UNI	21/07/2025	106.102	116.765	103.172	11.0
UNI	22/07/2025	11.0	110.686	10.125	106.712
UNI	23/07/2025	106.702	108.503	970.394	10.053
UNI	24/07/2025	10.036	105.292	964.979	102.852
UNI	25/07/2025	102.411	106.251	973.687	10.398
UNI	26/07/2025	103.841	106.011	103.161	105.951
UNI	27/07/2025	106.271	108.904	104.571	108.733
UNI	28/07/2025	109.483	111.944	10.357	10.472
UNI	29/07/2025	10.47	10.662	10.006	102.929
UNI	30/07/2025	102.879	10.503	956.709	986.601
UNI	31/07/2025	985.801	10.236	9.401	947.105
UNI	01/08/2025	943.506	9.462	891.622	913.826
UNI	02/08/2025	914.726	917.916	8.688	882.812
UNI	03/08/2025	885.411	9.2	868.187	917.708
UNI	04/08/2025	917.708	10.099	9.136	993.199
UNI	05/08/2025	993.999	10.04	940.594	9.456
UNI	06/08/2025	9.45	980.894	937.394	970.391
UNI	07/08/2025	970.391	103.981	963.089	103.441
UNI	08/08/2025	103.591	110.483	102.771	108.902
UNI	09/08/2025	109.223	114.031	107.592	110.394
UNI	10/08/2025	110.404	113.501	104.521	108.832
UNI	11/08/2025	108.852	119.838	105.649	11.074
UNI	12/08/2025	11.076	11.627	10.812	11.465
UNI	13/08/2025	11.471	122.862	10.937	120.908
UNI	14/08/2025	12.1	122.811	107.236	108.206
UNI	15/08/2025	108.076	111.603	104.282	106.634
UNI	16/08/2025	106.474	111.619	106.374	109.727
UNI	17/08/2025	109.648	113.977	109.236	110.547
UNI	18/08/2025	110.497	112.187	102.411	106.094
UNI	19/08/2025	106.474	106.705	9.922	10.108
UNI	20/08/2025	10.105	106.511	991.499	106.062
UNI	21/08/2025	106.282	107.021	10.186	10.283
UNI	22/08/2025	10.281	116.292	10.017	11.49
UNI	23/08/2025	11.499	11.525	110.128	113.009
UNI	24/08/2025	113.067	114.407	108.269	11.028
UNI	25/08/2025	109.889	11.005	958.392	959.496
UNI	26/08/2025	959.192	9.994	957.491	997.099
UNI	27/08/2025	997.199	10.128	981.396	990.597
UNI	28/08/2025	989.797	10.123	973.497	994.999
UNI	29/08/2025	994.899	10.088	944.683	962.289
UNI	30/08/2025	962.089	982.797	940.694	965.997
UNI	31/08/2025	965.397	991.898	963.096	976.595
UNI	01/09/2025	976.493	983.297	913.291	919.492
UNI	02/09/2025	918.092	964.296	914.591	958.792
UNI	03/09/2025	958.087	974.187	940.094	972.489
UNI	04/09/2025	973.386	97.619	916.383	930.686
UNI	05/09/2025	930.586	970.388	928.578	941.388
UNI	06/09/2025	941.888	946.289	923.277	93.208
UNI	07/09/2025	932.186	943.589	926.293	933.793
UNI	08/09/2025	934.593	9.786	932.987	956.096
UNI	09/09/2025	956.396	992.699	939.782	948.084
UNI	10/09/2025	94.789	981.694	945.183	973.392
UNI	11/09/2025	973.592	998.299	970.891	987.995
UNI	12/09/2025	988.594	102.121	987.595	101.081
UNI	13/09/2025	101.121	103.522	994.195	100.921
UNI	14/09/2025	100.961	101.361	903.032	950.265
UNI	15/09/2025	950.465	954.382	903.041	916.775
UNI	16/09/2025	916.675	937.669	905.462	937.275
UNI	17/09/2025	937.869	947.479	913.865	945.272
UNI	18/09/2025	944.672	967.383	94.127	963.882
UNI	19/09/2025	963.481	973.887	908.836	91.695
UNI	20/09/2025	91.695	928.264	909.836	922.445
UNI	21/09/2025	921.853	922.553	903.742	909.436
UNI	22/09/2025	909.336	912.939	774.342	821.575
UNI	23/09/2025	821.475	827.126	801.621	812.406
UNI	24/09/2025	812.606	819.928	786.493	796.478
UNI	25/09/2025	796.378	8.008	72.941	751.075
UNI	26/09/2025	751.175	76.331	733.059	76.331
UNI	27/09/2025	76.331	764.435	747.023	762.333
UNI	28/09/2025	762.734	76.636	74.127	763.181
UNI	29/09/2025	763.782	784.349	757.479	780.346
UNI	30/09/2025	780.546	780.546	742.571	765.683
UNI	01/10/2025	765.683	810.367	754.402	801.861
UNI	02/10/2025	801.761	839.888	799.079	834.467
UNI	03/10/2025	834.567	85.008	813.932	825.442
UNI	04/10/2025	825.943	827.562	791.433	79.988
UNI	05/10/2025	79.988	843.321	797.258	805.002
UNI	06/10/2025	805.102	845.391	8.004	841.405
UNI	07/10/2025	841.605	843.005	77.234	779.645
UNI	08/10/2025	779.745	813.325	770.062	805.298
UNI	09/10/2025	805.398	812.425	765.659	78.297
UNI	10/10/2025	782.669	858.601	287.501	556.014
UNI	11/10/2025	560.479	613.074	509.646	58.264
UNI	12/10/2025	582.941	671.036	579.937	662.396
UNI	13/10/2025	664.231	71.214	65.025	706.936
UNI	14/10/2025	706.735	712.341	640.948	678.207
UNI	15/10/2025	678.139	698.719	644.751	65.069
UNI	16/10/2025	65.119	669.168	623.412	631.653
UNI	17/10/2025	631.753	641.056	585.359	621.749
UNI	19/10/2025	603.402	636.518	595.219	628.751
UNI	20/10/2025	629.452	654.662	614.046	635.054
UNI	21/10/2025	635.054	6.655	611.144	645.587
UNI	22/10/2025	645.387	645.387	588.335	593.778
UNI	23/10/2025	593.678	636.755	592.478	625.012
UNI	24/10/2025	625.475	646.294	616.847	627.788
UNI	25/10/2025	627.951	629.889	616.123	624.725
UNI	26/10/2025	624.725	672.634	615.184	672.434
UNI	27/10/2025	672.534	688.569	649.565	649.765
UNI	28/10/2025	649.465	663.466	626.263	636.027
UNI	29/10/2025	636.027	644.829	615.523	636.227
UNI	30/10/2025	636.427	638.764	5.667	5.781
UNI	31/10/2025	5.785	5.954	561.388	57.517
UNI	01/11/2025	57.507	589.582	572.985	585.983
UNI	02/11/2025	585.983	592.481	5.714	5.782
UNI	03/11/2025	5.784	588.659	49.995	516.848
UNI	04/11/2025	516.548	5.281	473.558	5.079
UNI	05/11/2025	508.349	5.492	4.872	5.382
UNI	06/11/2025	5.383	5.388	510.396	528.941
UNI	07/11/2025	528.241	60.018	521.444	593.181
UNI	08/11/2025	593.181	613.616	58.021	60.138
UNI	09/11/2025	60.118	677.932	579.942	6.649
UNI	10/11/2025	665.133	10.012	6.545	959.508
UNI	11/11/2025	959.708	1.028.494	816.918	840.816
UNI	12/11/2025	840.616	885.423	747.525	766.623
UNI	13/11/2025	767.023	8.187	746.701	770.914
UNI	14/11/2025	770.814	783.608	692.684	709.332
UNI	15/11/2025	709.732	763.642	692.984	737.757
UNI	16/11/2025	737.757	791.804	704.548	717.041
UNI	17/11/2025	716.542	814.811	69.852	739.933
UNI	18/11/2025	740.433	776.134	717.526	752.574
UNI	19/11/2025	752.574	754.873	681.155	706.763
UNI	20/11/2025	706.663	736.684	648.716	670.796
UNI	21/11/2025	670.696	673.526	601.438	629.348
UNI	22/11/2025	629.548	654.038	586.224	62.445
UNI	23/11/2025	62.485	635.046	606.079	624.338
UNI	24/11/2025	625.975	642.671	605.479	636.136
UNI	25/11/2025	635.836	6.375	589.682	621.114
UNI	26/11/2025	621.513	6.387	5.999	631.963
UNI	27/11/2025	631.963	6.435	6.101	614.923
UNI	28/11/2025	615.123	635.027	6.054	616.785
UNI	29/11/2025	617.085	621.549	598.239	603.681
UNI	30/11/2025	603.941	626.888	60.108	617.062
UNI	01/12/2025	617.462	617.462	544.254	559.112
UNI	02/12/2025	559.012	603.721	537.207	597.039
UNI	03/12/2025	596.539	617.847	589.777	614.184
UNI	04/12/2025	613.984	619.986	583.492	596.939
UNI	05/12/2025	596.698	603.902	542.817	553.066
UNI	06/12/2025	553.166	562.625	541.662	555.667
UNI	07/12/2025	555.922	567.113	534.507	543.763
UNI	08/12/2025	543.663	576.858	540.208	563.413
UNI	09/12/2025	563.413	59.756	542.754	579.358
UNI	10/12/2025	578.716	594.178	553.011	56.827
UNI	11/12/2025	568.571	569.171	529.712	553.011
UNI	12/12/2025	552.611	56.537	521.456	538.662
UNI	13/12/2025	538.762	55.071	537.461	546.909
UNI	14/12/2025	546.909	556.467	529.559	532.413
UNI	15/12/2025	532.313	546.464	497.299	50.405
UNI	16/12/2025	50.405	527.847	493.949	519.848
UNI	17/12/2025	5.192	532.047	488.251	495.301
UNI	18/12/2025	495.201	542.491	485.603	496.651
